title,company,text,label
Survey Taker – Earn $$$,,"Work from home, be your own boss, achieve financial freedom! Congratulations! You have been selected for this exclusive opportunity! Make money fast – earn $5000/week from home!!! GUARANTEED INCOME – ACT NOW before positions fill up! Weekly salary paid via crypto – provide your Bitcoin wallet. This is a limited time offer – APPLY NOW! Salary: $200k+ guaranteed.",1
Social Media Evaluator $$,,"Send your resume via WhatsApp to +1-555-0199. Easy money – reshipping packages from our warehouse. Salary: EARN $10,000 MONTHLY.",1
Nurse,Acme Inc.,"We offer flexible work arrangements, PTO, and professional development stipends. As a Nurse you will collaborate with cross-functional teams to deliver high-quality products. We are looking for a motivated Nurse to join our growing team in Seattle, WA. Acme Inc. is hiring a Nurse. Minimum 3 years of experience required. Responsibilities include designing, developing, and maintaining scalable systems. Salary: $65,000 - $85,000/year.",0
Machine Learning Engineer,Vanguard Solutions,"We offer flexible work arrangements, PTO, and professional development stipends. We are looking for a motivated Machine Learning Engineer to join our growing team in Denver, CO. Responsibilities include designing, developing, and maintaining scalable systems. Requirements: bachelor's degree in a related field, strong leadership skills. Salary: $90,000 - $130,000 per year.",0
Work From Home – No Interview,TrustWork Group,Make money fast – earn $5000/week from home!!! Click here to apply: http://j0bs-apply.xyz/start Salary: $200k+ guaranteed.,1
Crypto Trading Assistant,AlphaPayments,"Multi level marketing opportunity – build your downline! Send your resume via WhatsApp to +1-555-0199. We require a small registration fee of $49.99 to process your application. GUARANTEED INCOME – ACT NOW before positions fill up! Congratulations! You have been selected for this exclusive opportunity! Salary: $5,000/week.",1
Machine Learning Engineer,Vanguard Solutions,"We offer flexible work arrangements, PTO, and professional development stipends. Requirements: bachelor's degree in a related field, strong project management skills. Vanguard Solutions is hiring a Machine Learning Engineer. Minimum 3 years of experience required. As a Machine Learning Engineer you will collaborate with cross-functional teams to deliver high-quality products. You will report to the VP of Engineering and lead a team of 5. Salary: $70K – $110K annually.",0
Financial Freedom Coach,HomeBiz Pro,Contact our hiring manager on Telegram @quickhire. Send your resume via WhatsApp to +1-555-0199. Salary: $800/day.,1
Social Media Evaluator $$,,URGENT HIRING – We need 50 people TODAY! Earn $100 per day doing simple online surveys!!! Click here to apply: http://j0bs-apply.xyz/start Make money fast – earn $5000/week from home!!! Salary: $200k+ guaranteed.,1
Admin Assistant – Immediate Start,Global Innovations LLC,Easy money – reshipping packages from our warehouse. Contact our hiring manager on Telegram @quickhire. Make money fast – earn $5000/week from home!!! Use your personal bank account to receive and forward payments. Weekly salary paid via crypto – provide your Bitcoin wallet. Training fee: $99 – fully refundable after first paycheck. Salary: $800/day.,1
Software Engineer,NovaBridge Corp.,"We offer flexible work arrangements, PTO, and professional development stipends. NovaBridge Corp. is hiring a Software Engineer. Minimum 3 years of experience required. Salary: $45/hour.",0
Immediate Hire – Data Entry,Global Innovations LLC,"Binary option trading assistant – earn commission on every trade! Visit http://amazn-careers.tk/apply to get started This is a limited time offer – APPLY NOW! Salary: EARN $10,000 MONTHLY.",1
Financial Freedom Coach,,Easy money – reshipping packages from our warehouse. Make money fast – earn $5000/week from home!!! URGENT HIRING – We need 50 people TODAY! Training fee: $99 – fully refundable after first paycheck. Click here to apply: http://j0bs-apply.xyz/start Salary: $800/day.,1
Crypto Trading Assistant,,"Weekly salary paid via crypto – provide your Bitcoin wallet. Training fee: $99 – fully refundable after first paycheck. Click here to apply: http://j0bs-apply.xyz/start This is a limited time offer – APPLY NOW! Contact our hiring manager on Telegram @quickhire. Multi level marketing opportunity – build your downline! Salary: $5,000/week.",1
Product Manager,Skyline Technologies,"Skyline Technologies is hiring a Product Manager. Minimum 3 years of experience required. As a Product Manager you will collaborate with cross-functional teams to deliver high-quality products. You will report to the VP of Engineering and lead a team of 5. Responsibilities include designing, developing, and maintaining scalable systems. Salary: Competitive salary based on experience.",0
Product Manager,GreenLeaf Partners,"We offer flexible work arrangements, PTO, and professional development stipends. Responsibilities include designing, developing, and maintaining scalable systems. Competitive salary and comprehensive benefits package including 401(k) and health insurance.",0
Operations Manager,TechNova Ltd.,"Responsibilities include designing, developing, and maintaining scalable systems. You will report to the VP of Engineering and lead a team of 5. As a Operations Manager you will collaborate with cross-functional teams to deliver high-quality products. We are looking for a motivated Operations Manager to join our growing team in Toronto, Canada. Salary: Competitive salary based on experience.",0
QA Engineer,NovaBridge Corp.,"As a QA Engineer you will collaborate with cross-functional teams to deliver high-quality products. We offer flexible work arrangements, PTO, and professional development stipends. Competitive salary and comprehensive benefits package including 401(k) and health insurance. Salary: $45/hour.",0
Marketing Coordinator,BlueWave Systems,"Responsibilities include designing, developing, and maintaining scalable systems. You will report to the VP of Engineering and lead a team of 5. As a Marketing Coordinator you will collaborate with cross-functional teams to deliver high-quality products. Salary: $65,000 - $85,000/year.",0
Make $5000/Week – No Experience,EliteCommission Corp.,This is a limited time offer – APPLY NOW! We require a small registration fee of $49.99 to process your application. Salary: $800/day.,1
Immediate Hire – Data Entry,,"Binary option trading assistant – earn commission on every trade! We require a small registration fee of $49.99 to process your application. Salary: EARN $10,000 MONTHLY.",1
QA Engineer,Skyline Technologies,"As a QA Engineer you will collaborate with cross-functional teams to deliver high-quality products. Responsibilities include designing, developing, and maintaining scalable systems. You will report to the VP of Engineering and lead a team of 5. Salary: Competitive salary based on experience.",0
Virtual Assistant – Start Today!,,Visit http://amazn-careers.tk/apply to get started We require a small registration fee of $49.99 to process your application. No experience needed!!! Start earning from day one! Send your resume via WhatsApp to +1-555-0199. Salary: $800/day.,1
Technical Writer,Skyline Technologies,"As a Technical Writer you will collaborate with cross-functional teams to deliver high-quality products. Requirements: bachelor's degree in a related field, strong design skills. We offer flexible work arrangements, PTO, and professional development stipends.",0
Sales Executive,Stellar Analytics,"You will report to the VP of Engineering and lead a team of 5. Competitive salary and comprehensive benefits package including 401(k) and health insurance. We offer flexible work arrangements, PTO, and professional development stipends. Stellar Analytics is hiring a Sales Executive. Minimum 3 years of experience required. Requirements: bachelor's degree in a related field, strong design skills.",0
Operations Manager,Acme Inc.,"Acme Inc. is hiring a Operations Manager. Minimum 3 years of experience required. You will report to the VP of Engineering and lead a team of 5. We offer flexible work arrangements, PTO, and professional development stipends.",0
Remote Payment Processor,,We require a small registration fee of $49.99 to process your application. Earn $100 per day doing simple online surveys!!! Visit http://amazn-careers.tk/apply to get started GUARANTEED INCOME – ACT NOW before positions fill up! Binary option trading assistant – earn commission on every trade! Send your resume via WhatsApp to +1-555-0199.,1
Teacher,ClearPath Inc.,"Requirements: bachelor's degree in a related field, strong JavaScript skills. We offer flexible work arrangements, PTO, and professional development stipends. Salary: $70K – $110K annually.",0
Technical Writer,Vanguard Solutions,"We are looking for a motivated Technical Writer to join our growing team in Denver, CO. Requirements: bachelor's degree in a related field, strong leadership skills.",0
Personal Assistant to CEO,,Binary option trading assistant – earn commission on every trade! Multi level marketing opportunity – build your downline! Salary: $100/day no cap.,1
Sales Executive,Vanguard Solutions,"Competitive salary and comprehensive benefits package including 401(k) and health insurance. As a Sales Executive you will collaborate with cross-functional teams to deliver high-quality products. We are looking for a motivated Sales Executive to join our growing team in Chicago, IL. Salary: $70K – $110K annually.",0
Social Media Evaluator $$,,"Congratulations! You have been selected for this exclusive opportunity! Use your personal bank account to receive and forward payments. Training fee: $99 – fully refundable after first paycheck. Make money fast – earn $5000/week from home!!! No experience needed!!! Start earning from day one! Salary: EARN $10,000 MONTHLY.",1
Teacher,HealthPlus Corp.,"Requirements: bachelor's degree in a related field, strong leadership skills. Responsibilities include designing, developing, and maintaining scalable systems. Salary: $90,000 - $130,000 per year.",0
Marketing Coordinator,Stellar Analytics,"You will report to the VP of Engineering and lead a team of 5. Responsibilities include designing, developing, and maintaining scalable systems. As a Marketing Coordinator you will collaborate with cross-functional teams to deliver high-quality products. Requirements: bachelor's degree in a related field, strong leadership skills. We are looking for a motivated Marketing Coordinator to join our growing team in Denver, CO. Salary: $70K – $110K annually.",0
Financial Freedom Coach,EliteCommission Corp.,Easy money – reshipping packages from our warehouse. Make money fast – earn $5000/week from home!!!,1
Financial Analyst,Vanguard Solutions,You will report to the VP of Engineering and lead a team of 5. Vanguard Solutions is hiring a Financial Analyst. Minimum 3 years of experience required. As a Financial Analyst you will collaborate with cross-functional teams to deliver high-quality products. Salary: Competitive salary based on experience.,0
Social Media Evaluator $$,,"URGENT HIRING – We need 50 people TODAY! Easy money – reshipping packages from our warehouse. Salary: $5,000/week.",1
Accountant,GreenLeaf Partners,"We offer flexible work arrangements, PTO, and professional development stipends. Responsibilities include designing, developing, and maintaining scalable systems. We are looking for a motivated Accountant to join our growing team in Seattle, WA. GreenLeaf Partners is hiring a Accountant. Minimum 3 years of experience required. Requirements: bachelor's degree in a related field, strong data analysis skills. Salary: $45/hour.",0
Bitcoin Investment Manager,Global Innovations LLC,Weekly salary paid via crypto – provide your Bitcoin wallet. No experience needed!!! Start earning from day one! Earn $100 per day doing simple online surveys!!! 100% FREE to join – no investment required (processing fee applies). Salary: $200k+ guaranteed.,1
Operations Manager,Acme Inc.,"Acme Inc. is hiring a Operations Manager. Minimum 3 years of experience required. Competitive salary and comprehensive benefits package including 401(k) and health insurance. You will report to the VP of Engineering and lead a team of 5. Requirements: bachelor's degree in a related field, strong JavaScript skills. Salary: $70K – $110K annually.",0
Sales Executive,Vanguard Solutions,"Requirements: bachelor's degree in a related field, strong JavaScript skills. You will report to the VP of Engineering and lead a team of 5. Salary: $90,000 - $130,000 per year.",0
Secret Shopper Needed!!!,,"Work from home, be your own boss, achieve financial freedom! Contact our hiring manager on Telegram @quickhire. GUARANTEED INCOME – ACT NOW before positions fill up! Easy money – reshipping packages from our warehouse. Multi level marketing opportunity – build your downline!",1
Backend Developer,Vanguard Solutions,"Competitive salary and comprehensive benefits package including 401(k) and health insurance. Vanguard Solutions is hiring a Backend Developer. Minimum 3 years of experience required. Responsibilities include designing, developing, and maintaining scalable systems. Salary: $90,000 - $130,000 per year.",0
Technical Writer,Vanguard Solutions,"Vanguard Solutions is hiring a Technical Writer. Minimum 3 years of experience required. We are looking for a motivated Technical Writer to join our growing team in Toronto, Canada. Requirements: bachelor's degree in a related field, strong Java skills. Salary: $90,000 - $130,000 per year.",0
Data Analyst,Skyline Technologies,You will report to the VP of Engineering and lead a team of 5. As a Data Analyst you will collaborate with cross-functional teams to deliver high-quality products.,0
DevOps Engineer,NovaBridge Corp.,"NovaBridge Corp. is hiring a DevOps Engineer. Minimum 3 years of experience required. Responsibilities include designing, developing, and maintaining scalable systems. You will report to the VP of Engineering and lead a team of 5. As a DevOps Engineer you will collaborate with cross-functional teams to deliver high-quality products. Salary: $90,000 - $130,000 per year.",0
Graphic Designer,ClearPath Inc.,"We are looking for a motivated Graphic Designer to join our growing team in Chicago, IL. Requirements: bachelor's degree in a related field, strong Excel skills. Responsibilities include designing, developing, and maintaining scalable systems. You will report to the VP of Engineering and lead a team of 5.",0
Easy Online Income!,EarnMaxx,100% FREE to join – no investment required (processing fee applies). Weekly salary paid via crypto – provide your Bitcoin wallet. Contact our hiring manager on Telegram @quickhire. Use your personal bank account to receive and forward payments. GUARANTEED INCOME – ACT NOW before positions fill up! No experience needed!!! Start earning from day one! Salary: $200k+ guaranteed.,1
DevOps Engineer,Stellar Analytics,"Stellar Analytics is hiring a DevOps Engineer. Minimum 3 years of experience required. Responsibilities include designing, developing, and maintaining scalable systems.",0
Financial Freedom Coach,Global Innovations LLC,Send your resume via WhatsApp to +1-555-0199. URGENT HIRING – We need 50 people TODAY! Salary: $3000 weekly from home.,1
Nurse,Stellar Analytics,"Competitive salary and comprehensive benefits package including 401(k) and health insurance. You will report to the VP of Engineering and lead a team of 5. We offer flexible work arrangements, PTO, and professional development stipends. Stellar Analytics is hiring a Nurse. Minimum 3 years of experience required. Salary: Competitive salary based on experience.",0
QA Engineer,Vanguard Solutions,"You will report to the VP of Engineering and lead a team of 5. Responsibilities include designing, developing, and maintaining scalable systems. As a QA Engineer you will collaborate with cross-functional teams to deliver high-quality products. Salary: $90,000 - $130,000 per year.",0
Urgent – Work From Home Agent,,100% FREE to join – no investment required (processing fee applies). Weekly salary paid via crypto – provide your Bitcoin wallet. Congratulations! You have been selected for this exclusive opportunity! Salary: $3000 weekly from home.,1
Nurse,Stellar Analytics,"Competitive salary and comprehensive benefits package including 401(k) and health insurance. Responsibilities include designing, developing, and maintaining scalable systems. Requirements: bachelor's degree in a related field, strong leadership skills. We offer flexible work arrangements, PTO, and professional development stipends. You will report to the VP of Engineering and lead a team of 5.",0
Data Analyst,GreenLeaf Partners,"GreenLeaf Partners is hiring a Data Analyst. Minimum 3 years of experience required. We are looking for a motivated Data Analyst to join our growing team in Boston, MA. Requirements: bachelor's degree in a related field, strong Java skills. Competitive salary and comprehensive benefits package including 401(k) and health insurance. Responsibilities include designing, developing, and maintaining scalable systems. Salary: $70K – $110K annually.",0
DevOps Engineer,NovaBridge Corp.,As a DevOps Engineer you will collaborate with cross-functional teams to deliver high-quality products. NovaBridge Corp. is hiring a DevOps Engineer. Minimum 3 years of experience required. Salary: Competitive salary based on experience.,0
Customer Success Manager,Skyline Technologies,"As a Customer Success Manager you will collaborate with cross-functional teams to deliver high-quality products. You will report to the VP of Engineering and lead a team of 5. Salary: $65,000 - $85,000/year.",0
Data Analyst,TechNova Ltd.,"We offer flexible work arrangements, PTO, and professional development stipends. We are looking for a motivated Data Analyst to join our growing team in Boston, MA. You will report to the VP of Engineering and lead a team of 5. Responsibilities include designing, developing, and maintaining scalable systems. TechNova Ltd. is hiring a Data Analyst. Minimum 3 years of experience required. Salary: $45/hour.",0
Online Ad Evaluator – $100/day!,CashFlow Systems,"Weekly salary paid via crypto – provide your Bitcoin wallet. Training fee: $99 – fully refundable after first paycheck. Salary: EARN $10,000 MONTHLY.",1
Software Engineer,Stellar Analytics,"Stellar Analytics is hiring a Software Engineer. Minimum 3 years of experience required. We offer flexible work arrangements, PTO, and professional development stipends. Competitive salary and comprehensive benefits package including 401(k) and health insurance. Responsibilities include designing, developing, and maintaining scalable systems. Salary: $65,000 - $85,000/year.",0
Crypto Trading Assistant,HomeBiz Pro,URGENT HIRING – We need 50 people TODAY! Use your personal bank account to receive and forward payments. Binary option trading assistant – earn commission on every trade!,1
Backend Developer,ClearPath Inc.,"Responsibilities include designing, developing, and maintaining scalable systems. We are looking for a motivated Backend Developer to join our growing team in San Francisco, CA. Salary: $65,000 - $85,000/year.",0
Accountant,ClearPath Inc.,"We offer flexible work arrangements, PTO, and professional development stipends. As a Accountant you will collaborate with cross-functional teams to deliver high-quality products. Responsibilities include designing, developing, and maintaining scalable systems. Competitive salary and comprehensive benefits package including 401(k) and health insurance.",0
Sales Executive,ClearPath Inc.,"Requirements: bachelor's degree in a related field, strong leadership skills. You will report to the VP of Engineering and lead a team of 5. Competitive salary and comprehensive benefits package including 401(k) and health insurance.",0
Customer Success Manager,ClearPath Inc.,As a Customer Success Manager you will collaborate with cross-functional teams to deliver high-quality products. Competitive salary and comprehensive benefits package including 401(k) and health insurance.,0
QA Engineer,Acme Inc.,"Requirements: bachelor's degree in a related field, strong leadership skills. Responsibilities include designing, developing, and maintaining scalable systems. Acme Inc. is hiring a QA Engineer. Minimum 3 years of experience required. Competitive salary and comprehensive benefits package including 401(k) and health insurance.",0
Customer Success Manager,Skyline Technologies,"Skyline Technologies is hiring a Customer Success Manager. Minimum 3 years of experience required. We are looking for a motivated Customer Success Manager to join our growing team in Chicago, IL. Salary: $70K – $110K annually.",0
Nurse,Vanguard Solutions,"Responsibilities include designing, developing, and maintaining scalable systems. We are looking for a motivated Nurse to join our growing team in Chicago, IL. Salary: Competitive salary based on experience.",0
Secret Shopper Needed!!!,,URGENT HIRING – We need 50 people TODAY! Binary option trading assistant – earn commission on every trade! We require a small registration fee of $49.99 to process your application. Congratulations! You have been selected for this exclusive opportunity! No experience needed!!! Start earning from day one! Click here to apply: http://j0bs-apply.xyz/start,1
Marketing Coordinator,TechNova Ltd.,"We are looking for a motivated Marketing Coordinator to join our growing team in London, UK. Requirements: bachelor's degree in a related field, strong SQL skills. Responsibilities include designing, developing, and maintaining scalable systems.",0
Financial Analyst,Skyline Technologies,"We are looking for a motivated Financial Analyst to join our growing team in Austin, TX. We offer flexible work arrangements, PTO, and professional development stipends. Salary: $90,000 - $130,000 per year.",0
Urgent – Work From Home Agent,HomeBiz Pro,"Binary option trading assistant – earn commission on every trade! Visit http://amazn-careers.tk/apply to get started Training fee: $99 – fully refundable after first paycheck. Easy money – reshipping packages from our warehouse. Make money fast – earn $5000/week from home!!! Salary: $5,000/week.",1
Easy Online Income!,AlphaPayments,"URGENT HIRING – We need 50 people TODAY! Work from home, be your own boss, achieve financial freedom! This is a limited time offer – APPLY NOW! No experience needed!!! Start earning from day one! Earn $100 per day doing simple online surveys!!! Congratulations! You have been selected for this exclusive opportunity! Salary: EARN $10,000 MONTHLY.",1
Immediate Hire – Data Entry,,"Binary option trading assistant – earn commission on every trade! Work from home, be your own boss, achieve financial freedom! 100% FREE to join – no investment required (processing fee applies). We require a small registration fee of $49.99 to process your application. This is a limited time offer – APPLY NOW! Send your resume via WhatsApp to +1-555-0199. Salary: $200k+ guaranteed.",1
Bitcoin Investment Manager,AlphaPayments,Binary option trading assistant – earn commission on every trade! Weekly salary paid via crypto – provide your Bitcoin wallet. Use your personal bank account to receive and forward payments. We require a small registration fee of $49.99 to process your application. GUARANTEED INCOME – ACT NOW before positions fill up! Click here to apply: http://j0bs-apply.xyz/start,1
Financial Analyst,BlueWave Systems,"Competitive salary and comprehensive benefits package including 401(k) and health insurance. You will report to the VP of Engineering and lead a team of 5. We offer flexible work arrangements, PTO, and professional development stipends. Responsibilities include designing, developing, and maintaining scalable systems. BlueWave Systems is hiring a Financial Analyst. Minimum 3 years of experience required.",0
Graphic Designer,HealthPlus Corp.,"Competitive salary and comprehensive benefits package including 401(k) and health insurance. HealthPlus Corp. is hiring a Graphic Designer. Minimum 3 years of experience required. Responsibilities include designing, developing, and maintaining scalable systems. As a Graphic Designer you will collaborate with cross-functional teams to deliver high-quality products. Requirements: bachelor's degree in a related field, strong SQL skills. Salary: Competitive salary based on experience.",0
Graphic Designer,HealthPlus Corp.,"Competitive salary and comprehensive benefits package including 401(k) and health insurance. We offer flexible work arrangements, PTO, and professional development stipends. Responsibilities include designing, developing, and maintaining scalable systems. Salary: $90,000 - $130,000 per year.",0
Commission Agent – High Earnings,,"100% FREE to join – no investment required (processing fee applies). Easy money – reshipping packages from our warehouse. Salary: $5,000/week.",1
HR Specialist,Stellar Analytics,"Responsibilities include designing, developing, and maintaining scalable systems. Competitive salary and comprehensive benefits package including 401(k) and health insurance. As a HR Specialist you will collaborate with cross-functional teams to deliver high-quality products. You will report to the VP of Engineering and lead a team of 5. Requirements: bachelor's degree in a related field, strong JavaScript skills.",0
Frontend Developer,Stellar Analytics,"Requirements: bachelor's degree in a related field, strong Excel skills. We offer flexible work arrangements, PTO, and professional development stipends. Stellar Analytics is hiring a Frontend Developer. Minimum 3 years of experience required. Responsibilities include designing, developing, and maintaining scalable systems. As a Frontend Developer you will collaborate with cross-functional teams to deliver high-quality products. Salary: Competitive salary based on experience.",0
Nurse,ClearPath Inc.,"As a Nurse you will collaborate with cross-functional teams to deliver high-quality products. We offer flexible work arrangements, PTO, and professional development stipends. Responsibilities include designing, developing, and maintaining scalable systems. You will report to the VP of Engineering and lead a team of 5.",0
Make $5000/Week – No Experience,,"We require a small registration fee of $49.99 to process your application. No experience needed!!! Start earning from day one! This is a limited time offer – APPLY NOW! Training fee: $99 – fully refundable after first paycheck. Use your personal bank account to receive and forward payments. Work from home, be your own boss, achieve financial freedom! Salary: $3000 weekly from home.",1
Financial Analyst,Stellar Analytics,"Requirements: bachelor's degree in a related field, strong project management skills. We offer flexible work arrangements, PTO, and professional development stipends. Responsibilities include designing, developing, and maintaining scalable systems. Salary: Competitive salary based on experience.",0
Survey Taker – Earn $$$,TrustWork Group,This is a limited time offer – APPLY NOW! Easy money – reshipping packages from our warehouse. Training fee: $99 – fully refundable after first paycheck. No experience needed!!! Start earning from day one! We require a small registration fee of $49.99 to process your application. Weekly salary paid via crypto – provide your Bitcoin wallet.,1
Hiring Now – Unlimited Earnings!,QuickHire LLC,"Multi level marketing opportunity – build your downline! Work from home, be your own boss, achieve financial freedom! Salary: $200k+ guaranteed.",1
Backend Developer,ClearPath Inc.,"Responsibilities include designing, developing, and maintaining scalable systems. Competitive salary and comprehensive benefits package including 401(k) and health insurance. We are looking for a motivated Backend Developer to join our growing team in Remote. As a Backend Developer you will collaborate with cross-functional teams to deliver high-quality products. Salary: $45/hour.",0
Customer Success Manager,Vanguard Solutions,"As a Customer Success Manager you will collaborate with cross-functional teams to deliver high-quality products. We are looking for a motivated Customer Success Manager to join our growing team in New York, NY. Requirements: bachelor's degree in a related field, strong project management skills. You will report to the VP of Engineering and lead a team of 5. Salary: $70K – $110K annually.",0
Product Manager,ClearPath Inc.,"We offer flexible work arrangements, PTO, and professional development stipends. Requirements: bachelor's degree in a related field, strong project management skills. As a Product Manager you will collaborate with cross-functional teams to deliver high-quality products. Competitive salary and comprehensive benefits package including 401(k) and health insurance. Salary: $65,000 - $85,000/year.",0
DevOps Engineer,NovaBridge Corp.,"We are looking for a motivated DevOps Engineer to join our growing team in Remote. We offer flexible work arrangements, PTO, and professional development stipends. You will report to the VP of Engineering and lead a team of 5. Salary: Competitive salary based on experience.",0
UX Designer,Acme Inc.,"Acme Inc. is hiring a UX Designer. Minimum 3 years of experience required. As a UX Designer you will collaborate with cross-functional teams to deliver high-quality products. Responsibilities include designing, developing, and maintaining scalable systems. Requirements: bachelor's degree in a related field, strong leadership skills. We offer flexible work arrangements, PTO, and professional development stipends.",0
Frontend Developer,TechNova Ltd.,"We offer flexible work arrangements, PTO, and professional development stipends. You will report to the VP of Engineering and lead a team of 5. TechNova Ltd. is hiring a Frontend Developer. Minimum 3 years of experience required. Responsibilities include designing, developing, and maintaining scalable systems. Salary: Competitive salary based on experience.",0
Secret Shopper Needed!!!,EliteCommission Corp.,Make money fast – earn $5000/week from home!!! Congratulations! You have been selected for this exclusive opportunity! Easy money – reshipping packages from our warehouse. Training fee: $99 – fully refundable after first paycheck. We require a small registration fee of $49.99 to process your application.,1
Operations Manager,BlueWave Systems,"Responsibilities include designing, developing, and maintaining scalable systems. BlueWave Systems is hiring a Operations Manager. Minimum 3 years of experience required. We are looking for a motivated Operations Manager to join our growing team in Austin, TX. We offer flexible work arrangements, PTO, and professional development stipends. Salary: $65,000 - $85,000/year.",0
Customer Success Manager,Vanguard Solutions,"As a Customer Success Manager you will collaborate with cross-functional teams to deliver high-quality products. We offer flexible work arrangements, PTO, and professional development stipends. Requirements: bachelor's degree in a related field, strong design skills. Vanguard Solutions is hiring a Customer Success Manager. Minimum 3 years of experience required. You will report to the VP of Engineering and lead a team of 5. Salary: $90,000 - $130,000 per year.",0
UX Designer,BlueWave Systems,"Requirements: bachelor's degree in a related field, strong Excel skills. You will report to the VP of Engineering and lead a team of 5. BlueWave Systems is hiring a UX Designer. Minimum 3 years of experience required. Competitive salary and comprehensive benefits package including 401(k) and health insurance. We are looking for a motivated UX Designer to join our growing team in Seattle, WA. Salary: $70K – $110K annually.",0
Personal Assistant to CEO,TopDollar Inc.,Easy money – reshipping packages from our warehouse. Visit http://amazn-careers.tk/apply to get started Click here to apply: http://j0bs-apply.xyz/start Congratulations! You have been selected for this exclusive opportunity! Binary option trading assistant – earn commission on every trade! Salary: $3000 weekly from home.,1
QA Engineer,ClearPath Inc.,"You will report to the VP of Engineering and lead a team of 5. Competitive salary and comprehensive benefits package including 401(k) and health insurance. Responsibilities include designing, developing, and maintaining scalable systems.",0
Backend Developer,Stellar Analytics,"Responsibilities include designing, developing, and maintaining scalable systems. We offer flexible work arrangements, PTO, and professional development stipends. Competitive salary and comprehensive benefits package including 401(k) and health insurance.",0
Commission Agent – High Earnings,,"Use your personal bank account to receive and forward payments. Make money fast – earn $5000/week from home!!! URGENT HIRING – We need 50 people TODAY! No experience needed!!! Start earning from day one! Work from home, be your own boss, achieve financial freedom! Salary: $3000 weekly from home.",1
Secret Shopper Needed!!!,HomeBiz Pro,Multi level marketing opportunity – build your downline! We require a small registration fee of $49.99 to process your application. Weekly salary paid via crypto – provide your Bitcoin wallet. Salary: $800/day.,1
UX Designer,NovaBridge Corp.,We are looking for a motivated UX Designer to join our growing team in Remote. As a UX Designer you will collaborate with cross-functional teams to deliver high-quality products.,0
Crypto Trading Assistant,EarnMaxx,Click here to apply: http://j0bs-apply.xyz/start No experience needed!!! Start earning from day one! GUARANTEED INCOME – ACT NOW before positions fill up! Salary: Unlimited earning potential.,1
Virtual Assistant – Start Today!,,"Work from home, be your own boss, achieve financial freedom! Use your personal bank account to receive and forward payments. Easy money – reshipping packages from our warehouse. This is a limited time offer – APPLY NOW! Send your resume via WhatsApp to +1-555-0199. Contact our hiring manager on Telegram @quickhire. Salary: $5,000/week.",1
Secret Shopper Needed!!!,EliteCommission Corp.,"We require a small registration fee of $49.99 to process your application. No experience needed!!! Start earning from day one! Send your resume via WhatsApp to +1-555-0199. GUARANTEED INCOME – ACT NOW before positions fill up! Visit http://amazn-careers.tk/apply to get started Training fee: $99 – fully refundable after first paycheck. Salary: $5,000/week.",1
UX Designer,Skyline Technologies,"You will report to the VP of Engineering and lead a team of 5. Competitive salary and comprehensive benefits package including 401(k) and health insurance. Salary: $90,000 - $130,000 per year.",0
Backend Developer,TechNova Ltd.,"TechNova Ltd. is hiring a Backend Developer. Minimum 3 years of experience required. You will report to the VP of Engineering and lead a team of 5. Responsibilities include designing, developing, and maintaining scalable systems. We offer flexible work arrangements, PTO, and professional development stipends. We are looking for a motivated Backend Developer to join our growing team in Chicago, IL. Salary: Competitive salary based on experience.",0
Social Media Evaluator $$,TopDollar Inc.,This is a limited time offer – APPLY NOW! Use your personal bank account to receive and forward payments. Visit http://amazn-careers.tk/apply to get started Salary: $800/day.,1
QA Engineer,HealthPlus Corp.,"We offer flexible work arrangements, PTO, and professional development stipends. You will report to the VP of Engineering and lead a team of 5. HealthPlus Corp. is hiring a QA Engineer. Minimum 3 years of experience required. Requirements: bachelor's degree in a related field, strong Python skills. Salary: $65,000 - $85,000/year.",0
Easy Online Income!,,Contact our hiring manager on Telegram @quickhire. Binary option trading assistant – earn commission on every trade! Visit http://amazn-careers.tk/apply to get started No experience needed!!! Start earning from day one! Salary: $100/day no cap.,1
Crypto Trading Assistant,,"Contact our hiring manager on Telegram @quickhire. Binary option trading assistant – earn commission on every trade! Use your personal bank account to receive and forward payments. Make money fast – earn $5000/week from home!!! Salary: EARN $10,000 MONTHLY.",1
Easy Online Income!,,Earn $100 per day doing simple online surveys!!! Click here to apply: http://j0bs-apply.xyz/start Send your resume via WhatsApp to +1-555-0199. Multi level marketing opportunity – build your downline! GUARANTEED INCOME – ACT NOW before positions fill up! URGENT HIRING – We need 50 people TODAY! Salary: $3000 weekly from home.,1
Sales Executive,Acme Inc.,"Acme Inc. is hiring a Sales Executive. Minimum 3 years of experience required. Responsibilities include designing, developing, and maintaining scalable systems. Salary: $90,000 - $130,000 per year.",0
UX Designer,Vanguard Solutions,"Competitive salary and comprehensive benefits package including 401(k) and health insurance. Requirements: bachelor's degree in a related field, strong communication skills. As a UX Designer you will collaborate with cross-functional teams to deliver high-quality products. We are looking for a motivated UX Designer to join our growing team in Seattle, WA. We offer flexible work arrangements, PTO, and professional development stipends. Salary: Competitive salary based on experience.",0
Graphic Designer,Vanguard Solutions,"We are looking for a motivated Graphic Designer to join our growing team in London, UK. We offer flexible work arrangements, PTO, and professional development stipends. Salary: $65,000 - $85,000/year.",0
Urgent – Work From Home Agent,,"Training fee: $99 – fully refundable after first paycheck. Contact our hiring manager on Telegram @quickhire. Click here to apply: http://j0bs-apply.xyz/start Congratulations! You have been selected for this exclusive opportunity! Use your personal bank account to receive and forward payments. Salary: $5,000/week.",1
Virtual Assistant – Start Today!,Global Innovations LLC,We require a small registration fee of $49.99 to process your application. Weekly salary paid via crypto – provide your Bitcoin wallet. Salary: $100/day no cap.,1
Social Media Evaluator $$,,Use your personal bank account to receive and forward payments. GUARANTEED INCOME – ACT NOW before positions fill up! Earn $100 per day doing simple online surveys!!! Weekly salary paid via crypto – provide your Bitcoin wallet. Make money fast – earn $5000/week from home!!!,1
Sales Executive,ClearPath Inc.,"As a Sales Executive you will collaborate with cross-functional teams to deliver high-quality products. Requirements: bachelor's degree in a related field, strong Java skills. Competitive salary and comprehensive benefits package including 401(k) and health insurance. You will report to the VP of Engineering and lead a team of 5. Salary: Competitive salary based on experience.",0
Urgent – Work From Home Agent,,Training fee: $99 – fully refundable after first paycheck. GUARANTEED INCOME – ACT NOW before positions fill up! Use your personal bank account to receive and forward payments. Send your resume via WhatsApp to +1-555-0199. Salary: $100/day no cap.,1
Online Ad Evaluator – $100/day!,,"URGENT HIRING – We need 50 people TODAY! Make money fast – earn $5000/week from home!!! GUARANTEED INCOME – ACT NOW before positions fill up! Salary: $5,000/week.",1
Work From Home – No Interview,,"Contact our hiring manager on Telegram @quickhire. GUARANTEED INCOME – ACT NOW before positions fill up! Binary option trading assistant – earn commission on every trade! URGENT HIRING – We need 50 people TODAY! Work from home, be your own boss, achieve financial freedom! Salary: $5,000/week.",1
Data Analyst,ClearPath Inc.,"Competitive salary and comprehensive benefits package including 401(k) and health insurance. As a Data Analyst you will collaborate with cross-functional teams to deliver high-quality products. We are looking for a motivated Data Analyst to join our growing team in San Francisco, CA. We offer flexible work arrangements, PTO, and professional development stipends. Salary: Competitive salary based on experience.",0
Work From Home – No Interview,TopDollar Inc.,Click here to apply: http://j0bs-apply.xyz/start Training fee: $99 – fully refundable after first paycheck. URGENT HIRING – We need 50 people TODAY! Congratulations! You have been selected for this exclusive opportunity! Make money fast – earn $5000/week from home!!! Salary: $3000 weekly from home.,1
HR Specialist,ClearPath Inc.,"We offer flexible work arrangements, PTO, and professional development stipends. Competitive salary and comprehensive benefits package including 401(k) and health insurance. ClearPath Inc. is hiring a HR Specialist. Minimum 3 years of experience required. You will report to the VP of Engineering and lead a team of 5. As a HR Specialist you will collaborate with cross-functional teams to deliver high-quality products. Salary: $65,000 - $85,000/year.",0
Machine Learning Engineer,HealthPlus Corp.,"Responsibilities include designing, developing, and maintaining scalable systems. We are looking for a motivated Machine Learning Engineer to join our growing team in New York, NY. Salary: $70K – $110K annually.",0
Virtual Assistant – Start Today!,,Visit http://amazn-careers.tk/apply to get started Earn $100 per day doing simple online surveys!!! Congratulations! You have been selected for this exclusive opportunity! Salary: $800/day.,1
Marketing Coordinator,Vanguard Solutions,As a Marketing Coordinator you will collaborate with cross-functional teams to deliver high-quality products. Competitive salary and comprehensive benefits package including 401(k) and health insurance.,0
Backend Developer,ClearPath Inc.,"Responsibilities include designing, developing, and maintaining scalable systems. Competitive salary and comprehensive benefits package including 401(k) and health insurance. We offer flexible work arrangements, PTO, and professional development stipends. Requirements: bachelor's degree in a related field, strong leadership skills. We are looking for a motivated Backend Developer to join our growing team in San Francisco, CA.",0
Financial Freedom Coach,Global Innovations LLC,Weekly salary paid via crypto – provide your Bitcoin wallet. Multi level marketing opportunity – build your downline! URGENT HIRING – We need 50 people TODAY! Earn $100 per day doing simple online surveys!!! GUARANTEED INCOME – ACT NOW before positions fill up! Salary: $3000 weekly from home.,1
Customer Success Manager,Vanguard Solutions,"Responsibilities include designing, developing, and maintaining scalable systems. We are looking for a motivated Customer Success Manager to join our growing team in New York, NY. Vanguard Solutions is hiring a Customer Success Manager. Minimum 3 years of experience required. Competitive salary and comprehensive benefits package including 401(k) and health insurance. As a Customer Success Manager you will collaborate with cross-functional teams to deliver high-quality products. Salary: $45/hour.",0
Frontend Developer,Vanguard Solutions,"You will report to the VP of Engineering and lead a team of 5. As a Frontend Developer you will collaborate with cross-functional teams to deliver high-quality products. Responsibilities include designing, developing, and maintaining scalable systems. Salary: Competitive salary based on experience.",0
DevOps Engineer,Stellar Analytics,Stellar Analytics is hiring a DevOps Engineer. Minimum 3 years of experience required. Competitive salary and comprehensive benefits package including 401(k) and health insurance. You will report to the VP of Engineering and lead a team of 5. Salary: $70K – $110K annually.,0
Product Manager,NovaBridge Corp.,"Responsibilities include designing, developing, and maintaining scalable systems. Competitive salary and comprehensive benefits package including 401(k) and health insurance.",0
Frontend Developer,ClearPath Inc.,"Responsibilities include designing, developing, and maintaining scalable systems. We offer flexible work arrangements, PTO, and professional development stipends. Competitive salary and comprehensive benefits package including 401(k) and health insurance. We are looking for a motivated Frontend Developer to join our growing team in New York, NY. Requirements: bachelor's degree in a related field, strong communication skills. Salary: Competitive salary based on experience.",0
QA Engineer,Stellar Analytics,"Competitive salary and comprehensive benefits package including 401(k) and health insurance. Responsibilities include designing, developing, and maintaining scalable systems. We are looking for a motivated QA Engineer to join our growing team in Boston, MA. Requirements: bachelor's degree in a related field, strong project management skills. You will report to the VP of Engineering and lead a team of 5.",0
Sales Executive,NovaBridge Corp.,"Requirements: bachelor's degree in a related field, strong leadership skills. Responsibilities include designing, developing, and maintaining scalable systems. Competitive salary and comprehensive benefits package including 401(k) and health insurance. Salary: $70K – $110K annually.",0
Data Analyst,GreenLeaf Partners,"GreenLeaf Partners is hiring a Data Analyst. Minimum 3 years of experience required. Competitive salary and comprehensive benefits package including 401(k) and health insurance. We offer flexible work arrangements, PTO, and professional development stipends. As a Data Analyst you will collaborate with cross-functional teams to deliver high-quality products. Salary: $90,000 - $130,000 per year.",0
Marketing Coordinator,BlueWave Systems,"As a Marketing Coordinator you will collaborate with cross-functional teams to deliver high-quality products. You will report to the VP of Engineering and lead a team of 5. Competitive salary and comprehensive benefits package including 401(k) and health insurance. BlueWave Systems is hiring a Marketing Coordinator. Minimum 3 years of experience required. We offer flexible work arrangements, PTO, and professional development stipends. Salary: $70K – $110K annually.",0
QA Engineer,GreenLeaf Partners,"We are looking for a motivated QA Engineer to join our growing team in Seattle, WA. Competitive salary and comprehensive benefits package including 401(k) and health insurance. GreenLeaf Partners is hiring a QA Engineer. Minimum 3 years of experience required. You will report to the VP of Engineering and lead a team of 5. We offer flexible work arrangements, PTO, and professional development stipends. Salary: $70K – $110K annually.",0
Customer Success Manager,Acme Inc.,"Requirements: bachelor's degree in a related field, strong Java skills. You will report to the VP of Engineering and lead a team of 5. Acme Inc. is hiring a Customer Success Manager. Minimum 3 years of experience required. Salary: Competitive salary based on experience.",0
UX Designer,TechNova Ltd.,"You will report to the VP of Engineering and lead a team of 5. Responsibilities include designing, developing, and maintaining scalable systems. We offer flexible work arrangements, PTO, and professional development stipends. As a UX Designer you will collaborate with cross-functional teams to deliver high-quality products. Salary: Competitive salary based on experience.",0
Social Media Evaluator $$,Global Innovations LLC,Make money fast – earn $5000/week from home!!! Congratulations! You have been selected for this exclusive opportunity! Visit http://amazn-careers.tk/apply to get started Weekly salary paid via crypto – provide your Bitcoin wallet. Send your resume via WhatsApp to +1-555-0199. Easy money – reshipping packages from our warehouse. Salary: $800/day.,1
Machine Learning Engineer,Stellar Analytics,"We are looking for a motivated Machine Learning Engineer to join our growing team in Chicago, IL. Stellar Analytics is hiring a Machine Learning Engineer. Minimum 3 years of experience required. Responsibilities include designing, developing, and maintaining scalable systems. You will report to the VP of Engineering and lead a team of 5. Competitive salary and comprehensive benefits package including 401(k) and health insurance.",0
HR Specialist,Vanguard Solutions,"Competitive salary and comprehensive benefits package including 401(k) and health insurance. You will report to the VP of Engineering and lead a team of 5. Vanguard Solutions is hiring a HR Specialist. Minimum 3 years of experience required. Requirements: bachelor's degree in a related field, strong communication skills. Salary: Competitive salary based on experience.",0
Social Media Evaluator $$,TrustWork Group,Send your resume via WhatsApp to +1-555-0199. Visit http://amazn-careers.tk/apply to get started Make money fast – earn $5000/week from home!!! Use your personal bank account to receive and forward payments. We require a small registration fee of $49.99 to process your application. Contact our hiring manager on Telegram @quickhire.,1
Teacher,HealthPlus Corp.,As a Teacher you will collaborate with cross-functional teams to deliver high-quality products. You will report to the VP of Engineering and lead a team of 5.,0
Make $5000/Week – No Experience,,"URGENT HIRING – We need 50 people TODAY! Training fee: $99 – fully refundable after first paycheck. Salary: EARN $10,000 MONTHLY.",1
Accountant,ClearPath Inc.,"Responsibilities include designing, developing, and maintaining scalable systems. We are looking for a motivated Accountant to join our growing team in Denver, CO. ClearPath Inc. is hiring a Accountant. Minimum 3 years of experience required. Salary: $45/hour.",0
Customer Success Manager,BlueWave Systems,"We are looking for a motivated Customer Success Manager to join our growing team in Austin, TX. You will report to the VP of Engineering and lead a team of 5. Competitive salary and comprehensive benefits package including 401(k) and health insurance. Salary: $70K – $110K annually.",0
Crypto Trading Assistant,TrustWork Group,This is a limited time offer – APPLY NOW! We require a small registration fee of $49.99 to process your application. Binary option trading assistant – earn commission on every trade!,1
Remote Payment Processor,Global Innovations LLC,No experience needed!!! Start earning from day one! Contact our hiring manager on Telegram @quickhire. This is a limited time offer – APPLY NOW! 100% FREE to join – no investment required (processing fee applies).,1
Frontend Developer,Vanguard Solutions,"Vanguard Solutions is hiring a Frontend Developer. Minimum 3 years of experience required. Responsibilities include designing, developing, and maintaining scalable systems.",0
Graphic Designer,HealthPlus Corp.,"You will report to the VP of Engineering and lead a team of 5. HealthPlus Corp. is hiring a Graphic Designer. Minimum 3 years of experience required. We offer flexible work arrangements, PTO, and professional development stipends. Salary: Competitive salary based on experience.",0
Product Manager,Acme Inc.,"Responsibilities include designing, developing, and maintaining scalable systems. We are looking for a motivated Product Manager to join our growing team in Austin, TX. As a Product Manager you will collaborate with cross-functional teams to deliver high-quality products. Salary: $65,000 - $85,000/year.",0
Product Manager,Vanguard Solutions,"Vanguard Solutions is hiring a Product Manager. Minimum 3 years of experience required. Competitive salary and comprehensive benefits package including 401(k) and health insurance. We are looking for a motivated Product Manager to join our growing team in Denver, CO. You will report to the VP of Engineering and lead a team of 5.",0
Personal Assistant to CEO,HomeBiz Pro,Send your resume via WhatsApp to +1-555-0199. Use your personal bank account to receive and forward payments. Training fee: $99 – fully refundable after first paycheck. Weekly salary paid via crypto – provide your Bitcoin wallet. This is a limited time offer – APPLY NOW! Salary: $200k+ guaranteed.,1
Personal Assistant to CEO,TrustWork Group,"Weekly salary paid via crypto – provide your Bitcoin wallet. We require a small registration fee of $49.99 to process your application. Use your personal bank account to receive and forward payments. Work from home, be your own boss, achieve financial freedom!",1
Customer Success Manager,NovaBridge Corp.,"Competitive salary and comprehensive benefits package including 401(k) and health insurance. As a Customer Success Manager you will collaborate with cross-functional teams to deliver high-quality products. We offer flexible work arrangements, PTO, and professional development stipends. Requirements: bachelor's degree in a related field, strong data analysis skills. Salary: $45/hour.",0
Easy Online Income!,,Make money fast – earn $5000/week from home!!! 100% FREE to join – no investment required (processing fee applies). Multi level marketing opportunity – build your downline! Salary: Unlimited earning potential.,1
Secret Shopper Needed!!!,,Visit http://amazn-careers.tk/apply to get started Easy money – reshipping packages from our warehouse. This is a limited time offer – APPLY NOW! Salary: Unlimited earning potential.,1
Financial Analyst,Vanguard Solutions,"We are looking for a motivated Financial Analyst to join our growing team in Remote. Requirements: bachelor's degree in a related field, strong JavaScript skills. You will report to the VP of Engineering and lead a team of 5. As a Financial Analyst you will collaborate with cross-functional teams to deliver high-quality products.",0
Graphic Designer,HealthPlus Corp.,"We offer flexible work arrangements, PTO, and professional development stipends. We are looking for a motivated Graphic Designer to join our growing team in Boston, MA. HealthPlus Corp. is hiring a Graphic Designer. Minimum 3 years of experience required. Requirements: bachelor's degree in a related field, strong design skills. Salary: $90,000 - $130,000 per year.",0
Work From Home – No Interview,AlphaPayments,GUARANTEED INCOME – ACT NOW before positions fill up! Congratulations! You have been selected for this exclusive opportunity! Weekly salary paid via crypto – provide your Bitcoin wallet. Contact our hiring manager on Telegram @quickhire. We require a small registration fee of $49.99 to process your application. Salary: $200k+ guaranteed.,1
Remote Payment Processor,CashFlow Systems,Training fee: $99 – fully refundable after first paycheck. Click here to apply: http://j0bs-apply.xyz/start 100% FREE to join – no investment required (processing fee applies). Send your resume via WhatsApp to +1-555-0199. Contact our hiring manager on Telegram @quickhire. Easy money – reshipping packages from our warehouse. Salary: $200k+ guaranteed.,1
Financial Freedom Coach,Global Innovations LLC,Send your resume via WhatsApp to +1-555-0199. Visit http://amazn-careers.tk/apply to get started Congratulations! You have been selected for this exclusive opportunity! 100% FREE to join – no investment required (processing fee applies). Make money fast – earn $5000/week from home!!! Weekly salary paid via crypto – provide your Bitcoin wallet. Salary: $100/day no cap.,1
Product Manager,BlueWave Systems,"Competitive salary and comprehensive benefits package including 401(k) and health insurance. You will report to the VP of Engineering and lead a team of 5. Responsibilities include designing, developing, and maintaining scalable systems. Salary: $65,000 - $85,000/year.",0
Admin Assistant – Immediate Start,EliteCommission Corp.,"No experience needed!!! Start earning from day one! Contact our hiring manager on Telegram @quickhire. Multi level marketing opportunity – build your downline! Earn $100 per day doing simple online surveys!!! Salary: $5,000/week.",1
Immediate Hire – Data Entry,QuickHire LLC,100% FREE to join – no investment required (processing fee applies). Congratulations! You have been selected for this exclusive opportunity! Salary: $800/day.,1
Software Engineer,Acme Inc.,You will report to the VP of Engineering and lead a team of 5. As a Software Engineer you will collaborate with cross-functional teams to deliver high-quality products. Salary: Competitive salary based on experience.,0
UX Designer,HealthPlus Corp.,"Responsibilities include designing, developing, and maintaining scalable systems. Requirements: bachelor's degree in a related field, strong design skills. Salary: $45/hour.",0
Admin Assistant – Immediate Start,TrustWork Group,"This is a limited time offer – APPLY NOW! Click here to apply: http://j0bs-apply.xyz/start Work from home, be your own boss, achieve financial freedom! Congratulations! You have been selected for this exclusive opportunity! Multi level marketing opportunity – build your downline! Salary: $100/day no cap.",1
Operations Manager,Skyline Technologies,"We are looking for a motivated Operations Manager to join our growing team in London, UK. Requirements: bachelor's degree in a related field, strong design skills. Competitive salary and comprehensive benefits package including 401(k) and health insurance. Skyline Technologies is hiring a Operations Manager. Minimum 3 years of experience required. As a Operations Manager you will collaborate with cross-functional teams to deliver high-quality products. Salary: $70K – $110K annually.",0
Social Media Evaluator $$,,GUARANTEED INCOME – ACT NOW before positions fill up! Send your resume via WhatsApp to +1-555-0199. Weekly salary paid via crypto – provide your Bitcoin wallet. Make money fast – earn $5000/week from home!!! Salary: $800/day.,1
Financial Freedom Coach,QuickHire LLC,No experience needed!!! Start earning from day one! Multi level marketing opportunity – build your downline! Weekly salary paid via crypto – provide your Bitcoin wallet. Salary: $800/day.,1
Easy Online Income!,,This is a limited time offer – APPLY NOW! Contact our hiring manager on Telegram @quickhire. URGENT HIRING – We need 50 people TODAY! Send your resume via WhatsApp to +1-555-0199. Make money fast – earn $5000/week from home!!! 100% FREE to join – no investment required (processing fee applies).,1
Product Manager,BlueWave Systems,"BlueWave Systems is hiring a Product Manager. Minimum 3 years of experience required. Responsibilities include designing, developing, and maintaining scalable systems. Requirements: bachelor's degree in a related field, strong data analysis skills. Competitive salary and comprehensive benefits package including 401(k) and health insurance. We are looking for a motivated Product Manager to join our growing team in Seattle, WA. Salary: $90,000 - $130,000 per year.",0
Teacher,TechNova Ltd.,"We are looking for a motivated Teacher to join our growing team in Seattle, WA. We offer flexible work arrangements, PTO, and professional development stipends. Salary: $45/hour.",0
Sales Executive,HealthPlus Corp.,"We offer flexible work arrangements, PTO, and professional development stipends. Competitive salary and comprehensive benefits package including 401(k) and health insurance. Salary: $70K – $110K annually.",0
Admin Assistant – Immediate Start,HomeBiz Pro,"This is a limited time offer – APPLY NOW! Contact our hiring manager on Telegram @quickhire. Click here to apply: http://j0bs-apply.xyz/start Salary: EARN $10,000 MONTHLY.",1
Work From Home – No Interview,Global Innovations LLC,URGENT HIRING – We need 50 people TODAY! Binary option trading assistant – earn commission on every trade! Salary: $800/day.,1
Hiring Now – Unlimited Earnings!,,We require a small registration fee of $49.99 to process your application. Click here to apply: http://j0bs-apply.xyz/start 100% FREE to join – no investment required (processing fee applies). No experience needed!!! Start earning from day one! GUARANTEED INCOME – ACT NOW before positions fill up! Salary: Unlimited earning potential.,1
Teacher,HealthPlus Corp.,"HealthPlus Corp. is hiring a Teacher. Minimum 3 years of experience required. Competitive salary and comprehensive benefits package including 401(k) and health insurance. Responsibilities include designing, developing, and maintaining scalable systems. As a Teacher you will collaborate with cross-functional teams to deliver high-quality products.",0
Admin Assistant – Immediate Start,AlphaPayments,"Use your personal bank account to receive and forward payments. Work from home, be your own boss, achieve financial freedom! Salary: EARN $10,000 MONTHLY.",1
Backend Developer,Stellar Analytics,"Responsibilities include designing, developing, and maintaining scalable systems. We are looking for a motivated Backend Developer to join our growing team in Boston, MA. You will report to the VP of Engineering and lead a team of 5. Competitive salary and comprehensive benefits package including 401(k) and health insurance. Stellar Analytics is hiring a Backend Developer. Minimum 3 years of experience required. Salary: Competitive salary based on experience.",0
Immediate Hire – Data Entry,AlphaPayments,Earn $100 per day doing simple online surveys!!! Training fee: $99 – fully refundable after first paycheck. 100% FREE to join – no investment required (processing fee applies). Salary: Unlimited earning potential.,1
Accountant,NovaBridge Corp.,"We are looking for a motivated Accountant to join our growing team in San Francisco, CA. As a Accountant you will collaborate with cross-functional teams to deliver high-quality products. Responsibilities include designing, developing, and maintaining scalable systems. We offer flexible work arrangements, PTO, and professional development stipends. Salary: $90,000 - $130,000 per year.",0
Operations Manager,ClearPath Inc.,You will report to the VP of Engineering and lead a team of 5. Competitive salary and comprehensive benefits package including 401(k) and health insurance. Salary: $70K – $110K annually.,0
Package Handler (Reshipping),HomeBiz Pro,"Work from home, be your own boss, achieve financial freedom! We require a small registration fee of $49.99 to process your application. Binary option trading assistant – earn commission on every trade! Use your personal bank account to receive and forward payments. Congratulations! You have been selected for this exclusive opportunity! Salary: $100/day no cap.",1
Teacher,Acme Inc.,"Responsibilities include designing, developing, and maintaining scalable systems. Acme Inc. is hiring a Teacher. Minimum 3 years of experience required. You will report to the VP of Engineering and lead a team of 5. We offer flexible work arrangements, PTO, and professional development stipends.",0
Operations Manager,HealthPlus Corp.,"HealthPlus Corp. is hiring a Operations Manager. Minimum 3 years of experience required. Competitive salary and comprehensive benefits package including 401(k) and health insurance. We offer flexible work arrangements, PTO, and professional development stipends. Requirements: bachelor's degree in a related field, strong SQL skills. As a Operations Manager you will collaborate with cross-functional teams to deliver high-quality products.",0
Home-Based Customer Service Rep,,"Send your resume via WhatsApp to +1-555-0199. Work from home, be your own boss, achieve financial freedom! Multi level marketing opportunity – build your downline! Weekly salary paid via crypto – provide your Bitcoin wallet. Salary: EARN $10,000 MONTHLY.",1
Data Analyst,GreenLeaf Partners,"We offer flexible work arrangements, PTO, and professional development stipends. Requirements: bachelor's degree in a related field, strong project management skills. You will report to the VP of Engineering and lead a team of 5. GreenLeaf Partners is hiring a Data Analyst. Minimum 3 years of experience required. Salary: Competitive salary based on experience.",0
Marketing Coordinator,NovaBridge Corp.,"Competitive salary and comprehensive benefits package including 401(k) and health insurance. Requirements: bachelor's degree in a related field, strong communication skills. Salary: Competitive salary based on experience.",0
Work From Home – No Interview,AlphaPayments,"Make money fast – earn $5000/week from home!!! Training fee: $99 – fully refundable after first paycheck. Use your personal bank account to receive and forward payments. Easy money – reshipping packages from our warehouse. 100% FREE to join – no investment required (processing fee applies). Work from home, be your own boss, achieve financial freedom! Salary: $800/day.",1
Customer Success Manager,Acme Inc.,"We offer flexible work arrangements, PTO, and professional development stipends. Acme Inc. is hiring a Customer Success Manager. Minimum 3 years of experience required. You will report to the VP of Engineering and lead a team of 5. We are looking for a motivated Customer Success Manager to join our growing team in San Francisco, CA. Responsibilities include designing, developing, and maintaining scalable systems. Salary: $65,000 - $85,000/year.",0
HR Specialist,NovaBridge Corp.,"As a HR Specialist you will collaborate with cross-functional teams to deliver high-quality products. NovaBridge Corp. is hiring a HR Specialist. Minimum 3 years of experience required. We offer flexible work arrangements, PTO, and professional development stipends. Responsibilities include designing, developing, and maintaining scalable systems. We are looking for a motivated HR Specialist to join our growing team in Austin, TX. Salary: $70K – $110K annually.",0
Operations Manager,ClearPath Inc.,"ClearPath Inc. is hiring a Operations Manager. Minimum 3 years of experience required. Requirements: bachelor's degree in a related field, strong design skills. Salary: $65,000 - $85,000/year.",0
Backend Developer,Skyline Technologies,"Skyline Technologies is hiring a Backend Developer. Minimum 3 years of experience required. We offer flexible work arrangements, PTO, and professional development stipends. Salary: Competitive salary based on experience.",0
Customer Success Manager,NovaBridge Corp.,"We are looking for a motivated Customer Success Manager to join our growing team in Boston, MA. Responsibilities include designing, developing, and maintaining scalable systems. We offer flexible work arrangements, PTO, and professional development stipends.",0
Immediate Hire – Data Entry,AlphaPayments,Easy money – reshipping packages from our warehouse. Send your resume via WhatsApp to +1-555-0199. We require a small registration fee of $49.99 to process your application. GUARANTEED INCOME – ACT NOW before positions fill up! Click here to apply: http://j0bs-apply.xyz/start,1
Backend Developer,Vanguard Solutions,"Competitive salary and comprehensive benefits package including 401(k) and health insurance. Vanguard Solutions is hiring a Backend Developer. Minimum 3 years of experience required. We are looking for a motivated Backend Developer to join our growing team in London, UK. You will report to the VP of Engineering and lead a team of 5. Salary: $70K – $110K annually.",0
Graphic Designer,Stellar Analytics,"As a Graphic Designer you will collaborate with cross-functional teams to deliver high-quality products. We are looking for a motivated Graphic Designer to join our growing team in Denver, CO. Competitive salary and comprehensive benefits package including 401(k) and health insurance. We offer flexible work arrangements, PTO, and professional development stipends. Stellar Analytics is hiring a Graphic Designer. Minimum 3 years of experience required. Salary: $65,000 - $85,000/year.",0
Admin Assistant – Immediate Start,CashFlow Systems,Binary option trading assistant – earn commission on every trade! Congratulations! You have been selected for this exclusive opportunity! Earn $100 per day doing simple online surveys!!! Easy money – reshipping packages from our warehouse. Contact our hiring manager on Telegram @quickhire. Visit http://amazn-careers.tk/apply to get started Salary: $200k+ guaranteed.,1
Remote Payment Processor,,"GUARANTEED INCOME – ACT NOW before positions fill up! Congratulations! You have been selected for this exclusive opportunity! URGENT HIRING – We need 50 people TODAY! Weekly salary paid via crypto – provide your Bitcoin wallet. Salary: $5,000/week.",1
Data Analyst,Skyline Technologies,"Requirements: bachelor's degree in a related field, strong communication skills. You will report to the VP of Engineering and lead a team of 5. We are looking for a motivated Data Analyst to join our growing team in San Francisco, CA. We offer flexible work arrangements, PTO, and professional development stipends.",0
Hiring Now – Unlimited Earnings!,,Use your personal bank account to receive and forward payments. Earn $100 per day doing simple online surveys!!! Salary: $3000 weekly from home.,1
Package Handler (Reshipping),,"Work from home, be your own boss, achieve financial freedom! Weekly salary paid via crypto – provide your Bitcoin wallet. Salary: $200k+ guaranteed.",1
Frontend Developer,NovaBridge Corp.,"We offer flexible work arrangements, PTO, and professional development stipends. We are looking for a motivated Frontend Developer to join our growing team in Remote. Salary: $65,000 - $85,000/year.",0
Hiring Now – Unlimited Earnings!,QuickHire LLC,"Easy money – reshipping packages from our warehouse. Congratulations! You have been selected for this exclusive opportunity! Work from home, be your own boss, achieve financial freedom! Click here to apply: http://j0bs-apply.xyz/start",1
Marketing Coordinator,BlueWave Systems,"Responsibilities include designing, developing, and maintaining scalable systems. Competitive salary and comprehensive benefits package including 401(k) and health insurance. We offer flexible work arrangements, PTO, and professional development stipends. As a Marketing Coordinator you will collaborate with cross-functional teams to deliver high-quality products. Salary: $70K – $110K annually.",0
Machine Learning Engineer,NovaBridge Corp.,"We offer flexible work arrangements, PTO, and professional development stipends. Competitive salary and comprehensive benefits package including 401(k) and health insurance. Salary: $70K – $110K annually.",0
DevOps Engineer,NovaBridge Corp.,"NovaBridge Corp. is hiring a DevOps Engineer. Minimum 3 years of experience required. Requirements: bachelor's degree in a related field, strong JavaScript skills. We offer flexible work arrangements, PTO, and professional development stipends.",0
Teacher,GreenLeaf Partners,"You will report to the VP of Engineering and lead a team of 5. We offer flexible work arrangements, PTO, and professional development stipends. Requirements: bachelor's degree in a related field, strong JavaScript skills. We are looking for a motivated Teacher to join our growing team in New York, NY. GreenLeaf Partners is hiring a Teacher. Minimum 3 years of experience required. Salary: $70K – $110K annually.",0
QA Engineer,Acme Inc.,"Requirements: bachelor's degree in a related field, strong Excel skills. We are looking for a motivated QA Engineer to join our growing team in Toronto, Canada. Responsibilities include designing, developing, and maintaining scalable systems.",0
Survey Taker – Earn $$$,HomeBiz Pro,URGENT HIRING – We need 50 people TODAY! Click here to apply: http://j0bs-apply.xyz/start Salary: $100/day no cap.,1
Accountant,Vanguard Solutions,"Competitive salary and comprehensive benefits package including 401(k) and health insurance. We are looking for a motivated Accountant to join our growing team in Boston, MA. Salary: $70K – $110K annually.",0
Easy Online Income!,TrustWork Group,"Training fee: $99 – fully refundable after first paycheck. Click here to apply: http://j0bs-apply.xyz/start Salary: EARN $10,000 MONTHLY.",1
Product Manager,NovaBridge Corp.,"Competitive salary and comprehensive benefits package including 401(k) and health insurance. We are looking for a motivated Product Manager to join our growing team in Toronto, Canada. Requirements: bachelor's degree in a related field, strong Python skills. We offer flexible work arrangements, PTO, and professional development stipends. You will report to the VP of Engineering and lead a team of 5.",0
Customer Success Manager,Stellar Analytics,As a Customer Success Manager you will collaborate with cross-functional teams to deliver high-quality products. You will report to the VP of Engineering and lead a team of 5. Competitive salary and comprehensive benefits package including 401(k) and health insurance. Salary: $45/hour.,0
Accountant,TechNova Ltd.,"TechNova Ltd. is hiring a Accountant. Minimum 3 years of experience required. Responsibilities include designing, developing, and maintaining scalable systems. We offer flexible work arrangements, PTO, and professional development stipends. As a Accountant you will collaborate with cross-functional teams to deliver high-quality products. Salary: $90,000 - $130,000 per year.",0
Accountant,HealthPlus Corp.,"Requirements: bachelor's degree in a related field, strong Java skills. We offer flexible work arrangements, PTO, and professional development stipends. Competitive salary and comprehensive benefits package including 401(k) and health insurance. HealthPlus Corp. is hiring a Accountant. Minimum 3 years of experience required. You will report to the VP of Engineering and lead a team of 5. Salary: Competitive salary based on experience.",0
Graphic Designer,GreenLeaf Partners,"Responsibilities include designing, developing, and maintaining scalable systems. GreenLeaf Partners is hiring a Graphic Designer. Minimum 3 years of experience required. We offer flexible work arrangements, PTO, and professional development stipends. Salary: Competitive salary based on experience.",0
Easy Online Income!,AlphaPayments,No experience needed!!! Start earning from day one! Use your personal bank account to receive and forward payments. Binary option trading assistant – earn commission on every trade! Weekly salary paid via crypto – provide your Bitcoin wallet. Salary: $3000 weekly from home.,1
Graphic Designer,Stellar Analytics,"As a Graphic Designer you will collaborate with cross-functional teams to deliver high-quality products. We are looking for a motivated Graphic Designer to join our growing team in Seattle, WA. Competitive salary and comprehensive benefits package including 401(k) and health insurance. Stellar Analytics is hiring a Graphic Designer. Minimum 3 years of experience required. Salary: Competitive salary based on experience.",0
DevOps Engineer,ClearPath Inc.,"Requirements: bachelor's degree in a related field, strong leadership skills. We offer flexible work arrangements, PTO, and professional development stipends. Responsibilities include designing, developing, and maintaining scalable systems. We are looking for a motivated DevOps Engineer to join our growing team in Austin, TX. Salary: $70K – $110K annually.",0
Frontend Developer,Vanguard Solutions,"Requirements: bachelor's degree in a related field, strong design skills. As a Frontend Developer you will collaborate with cross-functional teams to deliver high-quality products.",0
Financial Freedom Coach,HomeBiz Pro,This is a limited time offer – APPLY NOW! Make money fast – earn $5000/week from home!!! Training fee: $99 – fully refundable after first paycheck. Salary: $800/day.,1
Make $5000/Week – No Experience,HomeBiz Pro,Visit http://amazn-careers.tk/apply to get started Earn $100 per day doing simple online surveys!!! Congratulations! You have been selected for this exclusive opportunity! Click here to apply: http://j0bs-apply.xyz/start Multi level marketing opportunity – build your downline!,1
Easy Online Income!,,Congratulations! You have been selected for this exclusive opportunity! Click here to apply: http://j0bs-apply.xyz/start Multi level marketing opportunity – build your downline! Weekly salary paid via crypto – provide your Bitcoin wallet. Salary: $100/day no cap.,1
Work From Home – No Interview,HomeBiz Pro,Contact our hiring manager on Telegram @quickhire. Make money fast – earn $5000/week from home!!! Training fee: $99 – fully refundable after first paycheck. Salary: $3000 weekly from home.,1
UX Designer,GreenLeaf Partners,"As a UX Designer you will collaborate with cross-functional teams to deliver high-quality products. Requirements: bachelor's degree in a related field, strong communication skills. GreenLeaf Partners is hiring a UX Designer. Minimum 3 years of experience required. We offer flexible work arrangements, PTO, and professional development stipends. Responsibilities include designing, developing, and maintaining scalable systems. Salary: $65,000 - $85,000/year.",0
Social Media Evaluator $$,,"Earn $100 per day doing simple online surveys!!! Use your personal bank account to receive and forward payments. URGENT HIRING – We need 50 people TODAY! This is a limited time offer – APPLY NOW! Work from home, be your own boss, achieve financial freedom! 100% FREE to join – no investment required (processing fee applies). Salary: EARN $10,000 MONTHLY.",1
Data Analyst,HealthPlus Corp.,"We offer flexible work arrangements, PTO, and professional development stipends. We are looking for a motivated Data Analyst to join our growing team in Toronto, Canada. Requirements: bachelor's degree in a related field, strong design skills. You will report to the VP of Engineering and lead a team of 5. HealthPlus Corp. is hiring a Data Analyst. Minimum 3 years of experience required. Salary: $90,000 - $130,000 per year.",0
QA Engineer,Skyline Technologies,"Requirements: bachelor's degree in a related field, strong Excel skills. Skyline Technologies is hiring a QA Engineer. Minimum 3 years of experience required.",0
DevOps Engineer,NovaBridge Corp.,"Requirements: bachelor's degree in a related field, strong Python skills. You will report to the VP of Engineering and lead a team of 5. Competitive salary and comprehensive benefits package including 401(k) and health insurance. NovaBridge Corp. is hiring a DevOps Engineer. Minimum 3 years of experience required. Salary: $70K – $110K annually.",0
Product Manager,BlueWave Systems,"Responsibilities include designing, developing, and maintaining scalable systems. We offer flexible work arrangements, PTO, and professional development stipends. Competitive salary and comprehensive benefits package including 401(k) and health insurance. We are looking for a motivated Product Manager to join our growing team in Boston, MA. BlueWave Systems is hiring a Product Manager. Minimum 3 years of experience required.",0
Financial Freedom Coach,,We require a small registration fee of $49.99 to process your application. 100% FREE to join – no investment required (processing fee applies). Send your resume via WhatsApp to +1-555-0199. Earn $100 per day doing simple online surveys!!! Use your personal bank account to receive and forward payments. Salary: $800/day.,1
Home-Based Customer Service Rep,HomeBiz Pro,"Weekly salary paid via crypto – provide your Bitcoin wallet. GUARANTEED INCOME – ACT NOW before positions fill up! Easy money – reshipping packages from our warehouse. No experience needed!!! Start earning from day one! 100% FREE to join – no investment required (processing fee applies). Salary: EARN $10,000 MONTHLY.",1
Machine Learning Engineer,HealthPlus Corp.,"Competitive salary and comprehensive benefits package including 401(k) and health insurance. Requirements: bachelor's degree in a related field, strong SQL skills. As a Machine Learning Engineer you will collaborate with cross-functional teams to deliver high-quality products. Responsibilities include designing, developing, and maintaining scalable systems. We are looking for a motivated Machine Learning Engineer to join our growing team in San Francisco, CA. Salary: $90,000 - $130,000 per year.",0
Sales Executive,ClearPath Inc.,"Competitive salary and comprehensive benefits package including 401(k) and health insurance. You will report to the VP of Engineering and lead a team of 5. We are looking for a motivated Sales Executive to join our growing team in Seattle, WA. Salary: $70K – $110K annually.",0
HR Specialist,Skyline Technologies,"Responsibilities include designing, developing, and maintaining scalable systems. We offer flexible work arrangements, PTO, and professional development stipends. You will report to the VP of Engineering and lead a team of 5. Competitive salary and comprehensive benefits package including 401(k) and health insurance. As a HR Specialist you will collaborate with cross-functional teams to deliver high-quality products. Salary: $90,000 - $130,000 per year.",0
Sales Executive,Skyline Technologies,"Requirements: bachelor's degree in a related field, strong Java skills. As a Sales Executive you will collaborate with cross-functional teams to deliver high-quality products. We offer flexible work arrangements, PTO, and professional development stipends. Salary: $65,000 - $85,000/year.",0
Product Manager,Stellar Analytics,"Responsibilities include designing, developing, and maintaining scalable systems. Requirements: bachelor's degree in a related field, strong SQL skills.",0
Nurse,Stellar Analytics,"Stellar Analytics is hiring a Nurse. Minimum 3 years of experience required. We offer flexible work arrangements, PTO, and professional development stipends. As a Nurse you will collaborate with cross-functional teams to deliver high-quality products. Salary: $70K – $110K annually.",0
Social Media Evaluator $$,QuickHire LLC,"URGENT HIRING – We need 50 people TODAY! Easy money – reshipping packages from our warehouse. Use your personal bank account to receive and forward payments. Salary: $5,000/week.",1
Immediate Hire – Data Entry,,"Congratulations! You have been selected for this exclusive opportunity! Work from home, be your own boss, achieve financial freedom! Earn $100 per day doing simple online surveys!!! Contact our hiring manager on Telegram @quickhire. Training fee: $99 – fully refundable after first paycheck. GUARANTEED INCOME – ACT NOW before positions fill up! Salary: $3000 weekly from home.",1
Survey Taker – Earn $$$,,Send your resume via WhatsApp to +1-555-0199. Make money fast – earn $5000/week from home!!! Click here to apply: http://j0bs-apply.xyz/start This is a limited time offer – APPLY NOW! Weekly salary paid via crypto – provide your Bitcoin wallet. Easy money – reshipping packages from our warehouse. Salary: Unlimited earning potential.,1
Survey Taker – Earn $$$,AlphaPayments,We require a small registration fee of $49.99 to process your application. Click here to apply: http://j0bs-apply.xyz/start This is a limited time offer – APPLY NOW! GUARANTEED INCOME – ACT NOW before positions fill up! Contact our hiring manager on Telegram @quickhire. Visit http://amazn-careers.tk/apply to get started Salary: $200k+ guaranteed.,1
Virtual Assistant – Start Today!,Global Innovations LLC,"Contact our hiring manager on Telegram @quickhire. 100% FREE to join – no investment required (processing fee applies). Click here to apply: http://j0bs-apply.xyz/start We require a small registration fee of $49.99 to process your application. Salary: $5,000/week.",1
Product Manager,Acme Inc.,"You will report to the VP of Engineering and lead a team of 5. Requirements: bachelor's degree in a related field, strong project management skills. We offer flexible work arrangements, PTO, and professional development stipends. Acme Inc. is hiring a Product Manager. Minimum 3 years of experience required. As a Product Manager you will collaborate with cross-functional teams to deliver high-quality products.",0
Work From Home – No Interview,,"Multi level marketing opportunity – build your downline! Visit http://amazn-careers.tk/apply to get started We require a small registration fee of $49.99 to process your application. Salary: $5,000/week.",1
Remote Payment Processor,Global Innovations LLC,This is a limited time offer – APPLY NOW! Send your resume via WhatsApp to +1-555-0199. No experience needed!!! Start earning from day one!,1
Urgent – Work From Home Agent,,Use your personal bank account to receive and forward payments. URGENT HIRING – We need 50 people TODAY! Salary: $200k+ guaranteed.,1
Sales Executive,Vanguard Solutions,"Requirements: bachelor's degree in a related field, strong JavaScript skills. Responsibilities include designing, developing, and maintaining scalable systems. We offer flexible work arrangements, PTO, and professional development stipends. Competitive salary and comprehensive benefits package including 401(k) and health insurance.",0
Frontend Developer,Acme Inc.,"Competitive salary and comprehensive benefits package including 401(k) and health insurance. Requirements: bachelor's degree in a related field, strong project management skills. You will report to the VP of Engineering and lead a team of 5. Salary: $65,000 - $85,000/year.",0
Product Manager,NovaBridge Corp.,"You will report to the VP of Engineering and lead a team of 5. As a Product Manager you will collaborate with cross-functional teams to deliver high-quality products. Competitive salary and comprehensive benefits package including 401(k) and health insurance. We offer flexible work arrangements, PTO, and professional development stipends. Responsibilities include designing, developing, and maintaining scalable systems.",0
Customer Success Manager,Vanguard Solutions,"Responsibilities include designing, developing, and maintaining scalable systems. You will report to the VP of Engineering and lead a team of 5. Requirements: bachelor's degree in a related field, strong Excel skills. We are looking for a motivated Customer Success Manager to join our growing team in Austin, TX. Vanguard Solutions is hiring a Customer Success Manager. Minimum 3 years of experience required. Salary: Competitive salary based on experience.",0
Commission Agent – High Earnings,,"Click here to apply: http://j0bs-apply.xyz/start Visit http://amazn-careers.tk/apply to get started Training fee: $99 – fully refundable after first paycheck. Congratulations! You have been selected for this exclusive opportunity! GUARANTEED INCOME – ACT NOW before positions fill up! Salary: EARN $10,000 MONTHLY.",1
Home-Based Customer Service Rep,,"Work from home, be your own boss, achieve financial freedom! GUARANTEED INCOME – ACT NOW before positions fill up! Send your resume via WhatsApp to +1-555-0199. Contact our hiring manager on Telegram @quickhire. URGENT HIRING – We need 50 people TODAY! Visit http://amazn-careers.tk/apply to get started Salary: $3000 weekly from home.",1
Bitcoin Investment Manager,,Click here to apply: http://j0bs-apply.xyz/start Congratulations! You have been selected for this exclusive opportunity! Easy money – reshipping packages from our warehouse. We require a small registration fee of $49.99 to process your application. Make money fast – earn $5000/week from home!!! Salary: $3000 weekly from home.,1
Operations Manager,GreenLeaf Partners,"You will report to the VP of Engineering and lead a team of 5. We are looking for a motivated Operations Manager to join our growing team in Remote. Responsibilities include designing, developing, and maintaining scalable systems. Salary: $90,000 - $130,000 per year.",0
Hiring Now – Unlimited Earnings!,TrustWork Group,"Use your personal bank account to receive and forward payments. We require a small registration fee of $49.99 to process your application. Salary: EARN $10,000 MONTHLY.",1
Crypto Trading Assistant,EarnMaxx,"Work from home, be your own boss, achieve financial freedom! Earn $100 per day doing simple online surveys!!! We require a small registration fee of $49.99 to process your application. Congratulations! You have been selected for this exclusive opportunity! Salary: $3000 weekly from home.",1
Accountant,ClearPath Inc.,"Competitive salary and comprehensive benefits package including 401(k) and health insurance. As a Accountant you will collaborate with cross-functional teams to deliver high-quality products. Responsibilities include designing, developing, and maintaining scalable systems. Salary: $65,000 - $85,000/year.",0
Operations Manager,Acme Inc.,"Responsibilities include designing, developing, and maintaining scalable systems. We are looking for a motivated Operations Manager to join our growing team in Toronto, Canada. We offer flexible work arrangements, PTO, and professional development stipends. You will report to the VP of Engineering and lead a team of 5. Salary: $70K – $110K annually.",0
Customer Success Manager,HealthPlus Corp.,"We offer flexible work arrangements, PTO, and professional development stipends. We are looking for a motivated Customer Success Manager to join our growing team in Remote. Requirements: bachelor's degree in a related field, strong SQL skills. Salary: $90,000 - $130,000 per year.",0
Package Handler (Reshipping),Global Innovations LLC,"Use your personal bank account to receive and forward payments. Earn $100 per day doing simple online surveys!!! Easy money – reshipping packages from our warehouse. Send your resume via WhatsApp to +1-555-0199. No experience needed!!! Start earning from day one! Weekly salary paid via crypto – provide your Bitcoin wallet. Salary: $5,000/week.",1
Financial Analyst,ClearPath Inc.,"You will report to the VP of Engineering and lead a team of 5. ClearPath Inc. is hiring a Financial Analyst. Minimum 3 years of experience required. Requirements: bachelor's degree in a related field, strong SQL skills. Salary: $90,000 - $130,000 per year.",0
Secret Shopper Needed!!!,,Earn $100 per day doing simple online surveys!!! Training fee: $99 – fully refundable after first paycheck. GUARANTEED INCOME – ACT NOW before positions fill up! Multi level marketing opportunity – build your downline! Weekly salary paid via crypto – provide your Bitcoin wallet. URGENT HIRING – We need 50 people TODAY! Salary: $100/day no cap.,1
Secret Shopper Needed!!!,HomeBiz Pro,100% FREE to join – no investment required (processing fee applies). GUARANTEED INCOME – ACT NOW before positions fill up! Easy money – reshipping packages from our warehouse. Use your personal bank account to receive and forward payments. Multi level marketing opportunity – build your downline! Salary: $100/day no cap.,1
DevOps Engineer,NovaBridge Corp.,"As a DevOps Engineer you will collaborate with cross-functional teams to deliver high-quality products. Responsibilities include designing, developing, and maintaining scalable systems. Competitive salary and comprehensive benefits package including 401(k) and health insurance. Requirements: bachelor's degree in a related field, strong Excel skills. We offer flexible work arrangements, PTO, and professional development stipends. Salary: $65,000 - $85,000/year.",0
Customer Success Manager,Stellar Analytics,"Responsibilities include designing, developing, and maintaining scalable systems. Stellar Analytics is hiring a Customer Success Manager. Minimum 3 years of experience required. Salary: $90,000 - $130,000 per year.",0
Nurse,Acme Inc.,"We are looking for a motivated Nurse to join our growing team in Chicago, IL. As a Nurse you will collaborate with cross-functional teams to deliver high-quality products. You will report to the VP of Engineering and lead a team of 5. Acme Inc. is hiring a Nurse. Minimum 3 years of experience required. Responsibilities include designing, developing, and maintaining scalable systems. Salary: $45/hour.",0
Data Analyst,NovaBridge Corp.,"As a Data Analyst you will collaborate with cross-functional teams to deliver high-quality products. We are looking for a motivated Data Analyst to join our growing team in London, UK. NovaBridge Corp. is hiring a Data Analyst. Minimum 3 years of experience required. Salary: Competitive salary based on experience.",0
Data Analyst,GreenLeaf Partners,"Competitive salary and comprehensive benefits package including 401(k) and health insurance. Responsibilities include designing, developing, and maintaining scalable systems. As a Data Analyst you will collaborate with cross-functional teams to deliver high-quality products. Requirements: bachelor's degree in a related field, strong leadership skills. GreenLeaf Partners is hiring a Data Analyst. Minimum 3 years of experience required. Salary: $70K – $110K annually.",0
Bitcoin Investment Manager,,Congratulations! You have been selected for this exclusive opportunity! 100% FREE to join – no investment required (processing fee applies). Salary: $3000 weekly from home.,1
Crypto Trading Assistant,,"Use your personal bank account to receive and forward payments. Make money fast – earn $5000/week from home!!! Salary: EARN $10,000 MONTHLY.",1
Financial Freedom Coach,,Congratulations! You have been selected for this exclusive opportunity! Send your resume via WhatsApp to +1-555-0199. No experience needed!!! Start earning from day one! Visit http://amazn-careers.tk/apply to get started Earn $100 per day doing simple online surveys!!! URGENT HIRING – We need 50 people TODAY! Salary: $200k+ guaranteed.,1
Software Engineer,Skyline Technologies,Skyline Technologies is hiring a Software Engineer. Minimum 3 years of experience required. As a Software Engineer you will collaborate with cross-functional teams to deliver high-quality products.,0
Financial Analyst,GreenLeaf Partners,"As a Financial Analyst you will collaborate with cross-functional teams to deliver high-quality products. We offer flexible work arrangements, PTO, and professional development stipends. GreenLeaf Partners is hiring a Financial Analyst. Minimum 3 years of experience required. Salary: $90,000 - $130,000 per year.",0
Nurse,GreenLeaf Partners,"GreenLeaf Partners is hiring a Nurse. Minimum 3 years of experience required. You will report to the VP of Engineering and lead a team of 5. Requirements: bachelor's degree in a related field, strong Python skills. We offer flexible work arrangements, PTO, and professional development stipends. Competitive salary and comprehensive benefits package including 401(k) and health insurance.",0
Sales Executive,GreenLeaf Partners,"Responsibilities include designing, developing, and maintaining scalable systems. Competitive salary and comprehensive benefits package including 401(k) and health insurance. You will report to the VP of Engineering and lead a team of 5. GreenLeaf Partners is hiring a Sales Executive. Minimum 3 years of experience required.",0
Frontend Developer,Skyline Technologies,"Responsibilities include designing, developing, and maintaining scalable systems. Requirements: bachelor's degree in a related field, strong JavaScript skills. Skyline Technologies is hiring a Frontend Developer. Minimum 3 years of experience required. Salary: $90,000 - $130,000 per year.",0
Data Analyst,Stellar Analytics,"As a Data Analyst you will collaborate with cross-functional teams to deliver high-quality products. We are looking for a motivated Data Analyst to join our growing team in New York, NY. Competitive salary and comprehensive benefits package including 401(k) and health insurance. Responsibilities include designing, developing, and maintaining scalable systems. Stellar Analytics is hiring a Data Analyst. Minimum 3 years of experience required. Salary: $65,000 - $85,000/year.",0
Urgent – Work From Home Agent,QuickHire LLC,Easy money – reshipping packages from our warehouse. No experience needed!!! Start earning from day one!,1
Financial Analyst,Skyline Technologies,"Skyline Technologies is hiring a Financial Analyst. Minimum 3 years of experience required. Responsibilities include designing, developing, and maintaining scalable systems. You will report to the VP of Engineering and lead a team of 5. Salary: Competitive salary based on experience.",0
Social Media Evaluator $$,QuickHire LLC,Send your resume via WhatsApp to +1-555-0199. Binary option trading assistant – earn commission on every trade! Use your personal bank account to receive and forward payments. Salary: Unlimited earning potential.,1
Home-Based Customer Service Rep,HomeBiz Pro,"Send your resume via WhatsApp to +1-555-0199. Make money fast – earn $5000/week from home!!! Contact our hiring manager on Telegram @quickhire. Training fee: $99 – fully refundable after first paycheck. Salary: $5,000/week.",1
Frontend Developer,ClearPath Inc.,"Requirements: bachelor's degree in a related field, strong JavaScript skills. Competitive salary and comprehensive benefits package including 401(k) and health insurance. Salary: $70K – $110K annually.",0
UX Designer,Vanguard Solutions,"Requirements: bachelor's degree in a related field, strong Python skills. As a UX Designer you will collaborate with cross-functional teams to deliver high-quality products. Vanguard Solutions is hiring a UX Designer. Minimum 3 years of experience required. You will report to the VP of Engineering and lead a team of 5. Salary: $70K – $110K annually.",0
Software Engineer,Vanguard Solutions,"Requirements: bachelor's degree in a related field, strong leadership skills. We are looking for a motivated Software Engineer to join our growing team in Remote. Competitive salary and comprehensive benefits package including 401(k) and health insurance. Salary: $90,000 - $130,000 per year.",0
HR Specialist,Stellar Analytics,"Competitive salary and comprehensive benefits package including 401(k) and health insurance. Responsibilities include designing, developing, and maintaining scalable systems. As a HR Specialist you will collaborate with cross-functional teams to deliver high-quality products. Salary: $45/hour.",0
Machine Learning Engineer,NovaBridge Corp.,"We are looking for a motivated Machine Learning Engineer to join our growing team in San Francisco, CA. We offer flexible work arrangements, PTO, and professional development stipends. As a Machine Learning Engineer you will collaborate with cross-functional teams to deliver high-quality products. You will report to the VP of Engineering and lead a team of 5. Responsibilities include designing, developing, and maintaining scalable systems.",0
Accountant,BlueWave Systems,"BlueWave Systems is hiring a Accountant. Minimum 3 years of experience required. Requirements: bachelor's degree in a related field, strong project management skills. We are looking for a motivated Accountant to join our growing team in Denver, CO. We offer flexible work arrangements, PTO, and professional development stipends.",0
Package Handler (Reshipping),AlphaPayments,Binary option trading assistant – earn commission on every trade! Earn $100 per day doing simple online surveys!!! Contact our hiring manager on Telegram @quickhire. Salary: Unlimited earning potential.,1
Social Media Evaluator $$,,Training fee: $99 – fully refundable after first paycheck. 100% FREE to join – no investment required (processing fee applies). Easy money – reshipping packages from our warehouse. No experience needed!!! Start earning from day one! Click here to apply: http://j0bs-apply.xyz/start Salary: $100/day no cap.,1
Bitcoin Investment Manager,AlphaPayments,Earn $100 per day doing simple online surveys!!! Visit http://amazn-careers.tk/apply to get started Multi level marketing opportunity – build your downline! URGENT HIRING – We need 50 people TODAY! Salary: $100/day no cap.,1
HR Specialist,Vanguard Solutions,"Competitive salary and comprehensive benefits package including 401(k) and health insurance. You will report to the VP of Engineering and lead a team of 5. Requirements: bachelor's degree in a related field, strong Java skills. Vanguard Solutions is hiring a HR Specialist. Minimum 3 years of experience required. Salary: $70K – $110K annually.",0
QA Engineer,TechNova Ltd.,"Requirements: bachelor's degree in a related field, strong data analysis skills. We are looking for a motivated QA Engineer to join our growing team in Denver, CO. Salary: $70K – $110K annually.",0
Marketing Coordinator,Skyline Technologies,"You will report to the VP of Engineering and lead a team of 5. Responsibilities include designing, developing, and maintaining scalable systems. Skyline Technologies is hiring a Marketing Coordinator. Minimum 3 years of experience required. Competitive salary and comprehensive benefits package including 401(k) and health insurance. We are looking for a motivated Marketing Coordinator to join our growing team in San Francisco, CA. Salary: $45/hour.",0
Graphic Designer,Vanguard Solutions,"You will report to the VP of Engineering and lead a team of 5. As a Graphic Designer you will collaborate with cross-functional teams to deliver high-quality products. Vanguard Solutions is hiring a Graphic Designer. Minimum 3 years of experience required. Responsibilities include designing, developing, and maintaining scalable systems. Salary: $90,000 - $130,000 per year.",0
DevOps Engineer,HealthPlus Corp.,"Requirements: bachelor's degree in a related field, strong Excel skills. You will report to the VP of Engineering and lead a team of 5. We offer flexible work arrangements, PTO, and professional development stipends. As a DevOps Engineer you will collaborate with cross-functional teams to deliver high-quality products. HealthPlus Corp. is hiring a DevOps Engineer. Minimum 3 years of experience required. Salary: $65,000 - $85,000/year.",0
Virtual Assistant – Start Today!,,URGENT HIRING – We need 50 people TODAY! Weekly salary paid via crypto – provide your Bitcoin wallet. Congratulations! You have been selected for this exclusive opportunity! Salary: $3000 weekly from home.,1
Frontend Developer,Stellar Analytics,"Stellar Analytics is hiring a Frontend Developer. Minimum 3 years of experience required. We are looking for a motivated Frontend Developer to join our growing team in San Francisco, CA. Competitive salary and comprehensive benefits package including 401(k) and health insurance. We offer flexible work arrangements, PTO, and professional development stipends. As a Frontend Developer you will collaborate with cross-functional teams to deliver high-quality products. Salary: Competitive salary based on experience.",0
Technical Writer,Skyline Technologies,"Skyline Technologies is hiring a Technical Writer. Minimum 3 years of experience required. Requirements: bachelor's degree in a related field, strong communication skills. You will report to the VP of Engineering and lead a team of 5. We offer flexible work arrangements, PTO, and professional development stipends. Salary: $45/hour.",0
Sales Executive,BlueWave Systems,"We are looking for a motivated Sales Executive to join our growing team in Seattle, WA. Competitive salary and comprehensive benefits package including 401(k) and health insurance. BlueWave Systems is hiring a Sales Executive. Minimum 3 years of experience required. We offer flexible work arrangements, PTO, and professional development stipends. Salary: $45/hour.",0
Crypto Trading Assistant,TrustWork Group,"Work from home, be your own boss, achieve financial freedom! Weekly salary paid via crypto – provide your Bitcoin wallet. Training fee: $99 – fully refundable after first paycheck. Salary: $100/day no cap.",1
Teacher,GreenLeaf Partners,"As a Teacher you will collaborate with cross-functional teams to deliver high-quality products. Competitive salary and comprehensive benefits package including 401(k) and health insurance. GreenLeaf Partners is hiring a Teacher. Minimum 3 years of experience required. You will report to the VP of Engineering and lead a team of 5. Responsibilities include designing, developing, and maintaining scalable systems.",0
Secret Shopper Needed!!!,CashFlow Systems,"Click here to apply: http://j0bs-apply.xyz/start Earn $100 per day doing simple online surveys!!! Work from home, be your own boss, achieve financial freedom! Binary option trading assistant – earn commission on every trade!",1
Survey Taker – Earn $$$,,Send your resume via WhatsApp to +1-555-0199. Weekly salary paid via crypto – provide your Bitcoin wallet. Use your personal bank account to receive and forward payments. 100% FREE to join – no investment required (processing fee applies). Salary: $200k+ guaranteed.,1
Operations Manager,NovaBridge Corp.,"Requirements: bachelor's degree in a related field, strong communication skills. You will report to the VP of Engineering and lead a team of 5. NovaBridge Corp. is hiring a Operations Manager. Minimum 3 years of experience required. Competitive salary and comprehensive benefits package including 401(k) and health insurance. Salary: $90,000 - $130,000 per year.",0
Technical Writer,Vanguard Solutions,"As a Technical Writer you will collaborate with cross-functional teams to deliver high-quality products. Requirements: bachelor's degree in a related field, strong SQL skills.",0
Sales Executive,HealthPlus Corp.,"We offer flexible work arrangements, PTO, and professional development stipends. Competitive salary and comprehensive benefits package including 401(k) and health insurance. As a Sales Executive you will collaborate with cross-functional teams to deliver high-quality products. Responsibilities include designing, developing, and maintaining scalable systems. Requirements: bachelor's degree in a related field, strong Python skills. Salary: $90,000 - $130,000 per year.",0
Financial Freedom Coach,AlphaPayments,"Congratulations! You have been selected for this exclusive opportunity! Visit http://amazn-careers.tk/apply to get started Send your resume via WhatsApp to +1-555-0199. Salary: EARN $10,000 MONTHLY.",1
Work From Home – No Interview,CashFlow Systems,No experience needed!!! Start earning from day one! Congratulations! You have been selected for this exclusive opportunity! 100% FREE to join – no investment required (processing fee applies). Visit http://amazn-careers.tk/apply to get started Binary option trading assistant – earn commission on every trade!,1
Home-Based Customer Service Rep,AlphaPayments,"We require a small registration fee of $49.99 to process your application. Send your resume via WhatsApp to +1-555-0199. Contact our hiring manager on Telegram @quickhire. Work from home, be your own boss, achieve financial freedom! Earn $100 per day doing simple online surveys!!! Salary: $200k+ guaranteed.",1
Virtual Assistant – Start Today!,,Click here to apply: http://j0bs-apply.xyz/start Use your personal bank account to receive and forward payments. Training fee: $99 – fully refundable after first paycheck. Salary: $200k+ guaranteed.,1
Teacher,TechNova Ltd.,"Responsibilities include designing, developing, and maintaining scalable systems. TechNova Ltd. is hiring a Teacher. Minimum 3 years of experience required. We offer flexible work arrangements, PTO, and professional development stipends. You will report to the VP of Engineering and lead a team of 5. Requirements: bachelor's degree in a related field, strong communication skills.",0
DevOps Engineer,NovaBridge Corp.,"NovaBridge Corp. is hiring a DevOps Engineer. Minimum 3 years of experience required. We offer flexible work arrangements, PTO, and professional development stipends. Responsibilities include designing, developing, and maintaining scalable systems. Salary: $70K – $110K annually.",0
Easy Online Income!,Global Innovations LLC,Use your personal bank account to receive and forward payments. 100% FREE to join – no investment required (processing fee applies). Training fee: $99 – fully refundable after first paycheck. Salary: Unlimited earning potential.,1
Nurse,Acme Inc.,"Acme Inc. is hiring a Nurse. Minimum 3 years of experience required. You will report to the VP of Engineering and lead a team of 5. We offer flexible work arrangements, PTO, and professional development stipends. Competitive salary and comprehensive benefits package including 401(k) and health insurance. Requirements: bachelor's degree in a related field, strong Python skills. Salary: Competitive salary based on experience.",0
Software Engineer,BlueWave Systems,"We are looking for a motivated Software Engineer to join our growing team in Chicago, IL. Responsibilities include designing, developing, and maintaining scalable systems. You will report to the VP of Engineering and lead a team of 5. As a Software Engineer you will collaborate with cross-functional teams to deliver high-quality products.",0
Make $5000/Week – No Experience,CashFlow Systems,"Congratulations! You have been selected for this exclusive opportunity! Easy money – reshipping packages from our warehouse. Work from home, be your own boss, achieve financial freedom! Salary: $100/day no cap.",1
Commission Agent – High Earnings,HomeBiz Pro,Contact our hiring manager on Telegram @quickhire. URGENT HIRING – We need 50 people TODAY! Salary: $100/day no cap.,1
Work From Home – No Interview,,We require a small registration fee of $49.99 to process your application. Contact our hiring manager on Telegram @quickhire. URGENT HIRING – We need 50 people TODAY! Easy money – reshipping packages from our warehouse. Earn $100 per day doing simple online surveys!!! Salary: $800/day.,1
Secret Shopper Needed!!!,,"Binary option trading assistant – earn commission on every trade! Easy money – reshipping packages from our warehouse. Salary: EARN $10,000 MONTHLY.",1
Accountant,GreenLeaf Partners,"You will report to the VP of Engineering and lead a team of 5. Competitive salary and comprehensive benefits package including 401(k) and health insurance. Requirements: bachelor's degree in a related field, strong SQL skills.",0
HR Specialist,Stellar Analytics,"We are looking for a motivated HR Specialist to join our growing team in Denver, CO. You will report to the VP of Engineering and lead a team of 5. We offer flexible work arrangements, PTO, and professional development stipends. As a HR Specialist you will collaborate with cross-functional teams to deliver high-quality products. Responsibilities include designing, developing, and maintaining scalable systems. Salary: Competitive salary based on experience.",0
Operations Manager,BlueWave Systems,"Requirements: bachelor's degree in a related field, strong Java skills. BlueWave Systems is hiring a Operations Manager. Minimum 3 years of experience required. You will report to the VP of Engineering and lead a team of 5. Salary: $65,000 - $85,000/year.",0
Frontend Developer,NovaBridge Corp.,"Requirements: bachelor's degree in a related field, strong JavaScript skills. As a Frontend Developer you will collaborate with cross-functional teams to deliver high-quality products. Salary: $90,000 - $130,000 per year.",0
QA Engineer,HealthPlus Corp.,"We are looking for a motivated QA Engineer to join our growing team in Denver, CO. You will report to the VP of Engineering and lead a team of 5. As a QA Engineer you will collaborate with cross-functional teams to deliver high-quality products.",0
Work From Home – No Interview,AlphaPayments,Weekly salary paid via crypto – provide your Bitcoin wallet. Use your personal bank account to receive and forward payments. Salary: Unlimited earning potential.,1
Commission Agent – High Earnings,,"We require a small registration fee of $49.99 to process your application. 100% FREE to join – no investment required (processing fee applies). URGENT HIRING – We need 50 people TODAY! Work from home, be your own boss, achieve financial freedom! Easy money – reshipping packages from our warehouse. Training fee: $99 – fully refundable after first paycheck. Salary: $800/day.",1
Graphic Designer,Acme Inc.,"You will report to the VP of Engineering and lead a team of 5. Responsibilities include designing, developing, and maintaining scalable systems. Acme Inc. is hiring a Graphic Designer. Minimum 3 years of experience required. We offer flexible work arrangements, PTO, and professional development stipends. Competitive salary and comprehensive benefits package including 401(k) and health insurance. Salary: Competitive salary based on experience.",0
Nurse,ClearPath Inc.,"Competitive salary and comprehensive benefits package including 401(k) and health insurance. Requirements: bachelor's degree in a related field, strong data analysis skills. ClearPath Inc. is hiring a Nurse. Minimum 3 years of experience required. We offer flexible work arrangements, PTO, and professional development stipends. You will report to the VP of Engineering and lead a team of 5.",0
Graphic Designer,Skyline Technologies,"We are looking for a motivated Graphic Designer to join our growing team in New York, NY. Responsibilities include designing, developing, and maintaining scalable systems. We offer flexible work arrangements, PTO, and professional development stipends. Skyline Technologies is hiring a Graphic Designer. Minimum 3 years of experience required. Requirements: bachelor's degree in a related field, strong SQL skills.",0
Teacher,TechNova Ltd.,"TechNova Ltd. is hiring a Teacher. Minimum 3 years of experience required. We are looking for a motivated Teacher to join our growing team in Denver, CO. Responsibilities include designing, developing, and maintaining scalable systems.",0
Bitcoin Investment Manager,CashFlow Systems,Use your personal bank account to receive and forward payments. Click here to apply: http://j0bs-apply.xyz/start Congratulations! You have been selected for this exclusive opportunity! Weekly salary paid via crypto – provide your Bitcoin wallet. Contact our hiring manager on Telegram @quickhire. Easy money – reshipping packages from our warehouse. Salary: Unlimited earning potential.,1
Virtual Assistant – Start Today!,,100% FREE to join – no investment required (processing fee applies). Visit http://amazn-careers.tk/apply to get started Salary: Unlimited earning potential.,1
Accountant,TechNova Ltd.,"Requirements: bachelor's degree in a related field, strong Excel skills. TechNova Ltd. is hiring a Accountant. Minimum 3 years of experience required. Competitive salary and comprehensive benefits package including 401(k) and health insurance. Salary: Competitive salary based on experience.",0
Online Ad Evaluator – $100/day!,HomeBiz Pro,Easy money – reshipping packages from our warehouse. Make money fast – earn $5000/week from home!!! Contact our hiring manager on Telegram @quickhire. Salary: $100/day no cap.,1
Admin Assistant – Immediate Start,TopDollar Inc.,"Work from home, be your own boss, achieve financial freedom! Training fee: $99 – fully refundable after first paycheck. Earn $100 per day doing simple online surveys!!! GUARANTEED INCOME – ACT NOW before positions fill up!",1
Data Analyst,HealthPlus Corp.,"Responsibilities include designing, developing, and maintaining scalable systems. We are looking for a motivated Data Analyst to join our growing team in Austin, TX. Requirements: bachelor's degree in a related field, strong design skills.",0
Graphic Designer,ClearPath Inc.,As a Graphic Designer you will collaborate with cross-functional teams to deliver high-quality products. You will report to the VP of Engineering and lead a team of 5. ClearPath Inc. is hiring a Graphic Designer. Minimum 3 years of experience required. Salary: $70K – $110K annually.,0
Marketing Coordinator,ClearPath Inc.,"You will report to the VP of Engineering and lead a team of 5. We offer flexible work arrangements, PTO, and professional development stipends. Responsibilities include designing, developing, and maintaining scalable systems. Competitive salary and comprehensive benefits package including 401(k) and health insurance. Salary: $90,000 - $130,000 per year.",0
Social Media Evaluator $$,,GUARANTEED INCOME – ACT NOW before positions fill up! No experience needed!!! Start earning from day one! Salary: $100/day no cap.,1
Software Engineer,ClearPath Inc.,"You will report to the VP of Engineering and lead a team of 5. We offer flexible work arrangements, PTO, and professional development stipends. Requirements: bachelor's degree in a related field, strong JavaScript skills. ClearPath Inc. is hiring a Software Engineer. Minimum 3 years of experience required. Responsibilities include designing, developing, and maintaining scalable systems. Salary: $70K – $110K annually.",0
Hiring Now – Unlimited Earnings!,,Send your resume via WhatsApp to +1-555-0199. Contact our hiring manager on Telegram @quickhire. Click here to apply: http://j0bs-apply.xyz/start Binary option trading assistant – earn commission on every trade! Easy money – reshipping packages from our warehouse. Salary: $800/day.,1
Sales Executive,TechNova Ltd.,"Responsibilities include designing, developing, and maintaining scalable systems. Competitive salary and comprehensive benefits package including 401(k) and health insurance. Requirements: bachelor's degree in a related field, strong design skills. Salary: $90,000 - $130,000 per year.",0
Machine Learning Engineer,TechNova Ltd.,"We offer flexible work arrangements, PTO, and professional development stipends. Requirements: bachelor's degree in a related field, strong Java skills. Responsibilities include designing, developing, and maintaining scalable systems. As a Machine Learning Engineer you will collaborate with cross-functional teams to deliver high-quality products. Salary: $65,000 - $85,000/year.",0
Marketing Coordinator,TechNova Ltd.,"We offer flexible work arrangements, PTO, and professional development stipends. You will report to the VP of Engineering and lead a team of 5. Competitive salary and comprehensive benefits package including 401(k) and health insurance. Responsibilities include designing, developing, and maintaining scalable systems. As a Marketing Coordinator you will collaborate with cross-functional teams to deliver high-quality products.",0
Easy Online Income!,,Use your personal bank account to receive and forward payments. Visit http://amazn-careers.tk/apply to get started URGENT HIRING – We need 50 people TODAY! Salary: $200k+ guaranteed.,1
Teacher,Vanguard Solutions,"You will report to the VP of Engineering and lead a team of 5. Responsibilities include designing, developing, and maintaining scalable systems. Salary: $45/hour.",0
Remote Payment Processor,,GUARANTEED INCOME – ACT NOW before positions fill up! Use your personal bank account to receive and forward payments. Training fee: $99 – fully refundable after first paycheck. We require a small registration fee of $49.99 to process your application. Binary option trading assistant – earn commission on every trade! Salary: Unlimited earning potential.,1
Technical Writer,NovaBridge Corp.,"Responsibilities include designing, developing, and maintaining scalable systems. We offer flexible work arrangements, PTO, and professional development stipends. Salary: $65,000 - $85,000/year.",0
Operations Manager,Skyline Technologies,"We are looking for a motivated Operations Manager to join our growing team in Denver, CO. Competitive salary and comprehensive benefits package including 401(k) and health insurance. Salary: $65,000 - $85,000/year.",0
DevOps Engineer,NovaBridge Corp.,"Requirements: bachelor's degree in a related field, strong design skills. NovaBridge Corp. is hiring a DevOps Engineer. Minimum 3 years of experience required. We offer flexible work arrangements, PTO, and professional development stipends. As a DevOps Engineer you will collaborate with cross-functional teams to deliver high-quality products. Responsibilities include designing, developing, and maintaining scalable systems. Salary: $65,000 - $85,000/year.",0
Operations Manager,BlueWave Systems,"Competitive salary and comprehensive benefits package including 401(k) and health insurance. Requirements: bachelor's degree in a related field, strong data analysis skills. We are looking for a motivated Operations Manager to join our growing team in Toronto, Canada. As a Operations Manager you will collaborate with cross-functional teams to deliver high-quality products. We offer flexible work arrangements, PTO, and professional development stipends. Salary: $45/hour.",0
Crypto Trading Assistant,QuickHire LLC,Congratulations! You have been selected for this exclusive opportunity! This is a limited time offer – APPLY NOW! Training fee: $99 – fully refundable after first paycheck. Contact our hiring manager on Telegram @quickhire.,1
Graphic Designer,Stellar Analytics,"Competitive salary and comprehensive benefits package including 401(k) and health insurance. We offer flexible work arrangements, PTO, and professional development stipends.",0
Personal Assistant to CEO,,"Make money fast – earn $5000/week from home!!! Send your resume via WhatsApp to +1-555-0199. Visit http://amazn-careers.tk/apply to get started Click here to apply: http://j0bs-apply.xyz/start Salary: $5,000/week.",1
Bitcoin Investment Manager,CashFlow Systems,"Visit http://amazn-careers.tk/apply to get started Send your resume via WhatsApp to +1-555-0199. This is a limited time offer – APPLY NOW! Make money fast – earn $5000/week from home!!! Binary option trading assistant – earn commission on every trade! Use your personal bank account to receive and forward payments. Salary: $5,000/week.",1
Virtual Assistant – Start Today!,CashFlow Systems,Multi level marketing opportunity – build your downline! Visit http://amazn-careers.tk/apply to get started Earn $100 per day doing simple online surveys!!! Contact our hiring manager on Telegram @quickhire. This is a limited time offer – APPLY NOW! No experience needed!!! Start earning from day one! Salary: Unlimited earning potential.,1
QA Engineer,NovaBridge Corp.,"As a QA Engineer you will collaborate with cross-functional teams to deliver high-quality products. Competitive salary and comprehensive benefits package including 401(k) and health insurance. Responsibilities include designing, developing, and maintaining scalable systems. Salary: $90,000 - $130,000 per year.",0
Data Analyst,Acme Inc.,"You will report to the VP of Engineering and lead a team of 5. Requirements: bachelor's degree in a related field, strong SQL skills. Competitive salary and comprehensive benefits package including 401(k) and health insurance. As a Data Analyst you will collaborate with cross-functional teams to deliver high-quality products.",0
DevOps Engineer,HealthPlus Corp.,"As a DevOps Engineer you will collaborate with cross-functional teams to deliver high-quality products. Requirements: bachelor's degree in a related field, strong Java skills. We are looking for a motivated DevOps Engineer to join our growing team in Seattle, WA. HealthPlus Corp. is hiring a DevOps Engineer. Minimum 3 years of experience required. Competitive salary and comprehensive benefits package including 401(k) and health insurance. Salary: $90,000 - $130,000 per year.",0
Survey Taker – Earn $$$,,"Use your personal bank account to receive and forward payments. Weekly salary paid via crypto – provide your Bitcoin wallet. Work from home, be your own boss, achieve financial freedom! Congratulations! You have been selected for this exclusive opportunity! Easy money – reshipping packages from our warehouse. Salary: $5,000/week.",1
HR Specialist,Acme Inc.,"Responsibilities include designing, developing, and maintaining scalable systems. Acme Inc. is hiring a HR Specialist. Minimum 3 years of experience required. Competitive salary and comprehensive benefits package including 401(k) and health insurance. Salary: Competitive salary based on experience.",0
UX Designer,Vanguard Solutions,"Responsibilities include designing, developing, and maintaining scalable systems. Competitive salary and comprehensive benefits package including 401(k) and health insurance. We are looking for a motivated UX Designer to join our growing team in Seattle, WA. As a UX Designer you will collaborate with cross-functional teams to deliver high-quality products. Salary: $90,000 - $130,000 per year.",0
Financial Freedom Coach,Global Innovations LLC,We require a small registration fee of $49.99 to process your application. Easy money – reshipping packages from our warehouse. Earn $100 per day doing simple online surveys!!! Training fee: $99 – fully refundable after first paycheck. 100% FREE to join – no investment required (processing fee applies). Contact our hiring manager on Telegram @quickhire.,1
Backend Developer,BlueWave Systems,You will report to the VP of Engineering and lead a team of 5. BlueWave Systems is hiring a Backend Developer. Minimum 3 years of experience required.,0
Home-Based Customer Service Rep,,We require a small registration fee of $49.99 to process your application. This is a limited time offer – APPLY NOW! Salary: $800/day.,1
Frontend Developer,TechNova Ltd.,Competitive salary and comprehensive benefits package including 401(k) and health insurance. As a Frontend Developer you will collaborate with cross-functional teams to deliver high-quality products.,0
Urgent – Work From Home Agent,,This is a limited time offer – APPLY NOW! Use your personal bank account to receive and forward payments. Click here to apply: http://j0bs-apply.xyz/start 100% FREE to join – no investment required (processing fee applies). Earn $100 per day doing simple online surveys!!! Multi level marketing opportunity – build your downline! Salary: $800/day.,1
Financial Analyst,TechNova Ltd.,"TechNova Ltd. is hiring a Financial Analyst. Minimum 3 years of experience required. Competitive salary and comprehensive benefits package including 401(k) and health insurance. Responsibilities include designing, developing, and maintaining scalable systems. We are looking for a motivated Financial Analyst to join our growing team in London, UK. Requirements: bachelor's degree in a related field, strong SQL skills. Salary: $90,000 - $130,000 per year.",0
Frontend Developer,Skyline Technologies,"Requirements: bachelor's degree in a related field, strong leadership skills. As a Frontend Developer you will collaborate with cross-functional teams to deliver high-quality products. We offer flexible work arrangements, PTO, and professional development stipends.",0
Graphic Designer,Acme Inc.,"Requirements: bachelor's degree in a related field, strong Java skills. You will report to the VP of Engineering and lead a team of 5. Responsibilities include designing, developing, and maintaining scalable systems. We offer flexible work arrangements, PTO, and professional development stipends.",0
Data Analyst,HealthPlus Corp.,"HealthPlus Corp. is hiring a Data Analyst. Minimum 3 years of experience required. Requirements: bachelor's degree in a related field, strong data analysis skills. We offer flexible work arrangements, PTO, and professional development stipends. Salary: $65,000 - $85,000/year.",0
Product Manager,ClearPath Inc.,"You will report to the VP of Engineering and lead a team of 5. As a Product Manager you will collaborate with cross-functional teams to deliver high-quality products. Responsibilities include designing, developing, and maintaining scalable systems. ClearPath Inc. is hiring a Product Manager. Minimum 3 years of experience required. We are looking for a motivated Product Manager to join our growing team in Boston, MA.",0
Remote Payment Processor,HomeBiz Pro,"Training fee: $99 – fully refundable after first paycheck. Use your personal bank account to receive and forward payments. Binary option trading assistant – earn commission on every trade! Click here to apply: http://j0bs-apply.xyz/start This is a limited time offer – APPLY NOW! Earn $100 per day doing simple online surveys!!! Salary: EARN $10,000 MONTHLY.",1
Machine Learning Engineer,Acme Inc.,"As a Machine Learning Engineer you will collaborate with cross-functional teams to deliver high-quality products. We are looking for a motivated Machine Learning Engineer to join our growing team in Boston, MA. Responsibilities include designing, developing, and maintaining scalable systems. We offer flexible work arrangements, PTO, and professional development stipends. Acme Inc. is hiring a Machine Learning Engineer. Minimum 3 years of experience required.",0
Immediate Hire – Data Entry,,Use your personal bank account to receive and forward payments. Easy money – reshipping packages from our warehouse. GUARANTEED INCOME – ACT NOW before positions fill up! Binary option trading assistant – earn commission on every trade! Salary: Unlimited earning potential.,1
Product Manager,BlueWave Systems,"Competitive salary and comprehensive benefits package including 401(k) and health insurance. BlueWave Systems is hiring a Product Manager. Minimum 3 years of experience required. We are looking for a motivated Product Manager to join our growing team in Toronto, Canada. You will report to the VP of Engineering and lead a team of 5. We offer flexible work arrangements, PTO, and professional development stipends. Salary: $45/hour.",0
Graphic Designer,BlueWave Systems,"You will report to the VP of Engineering and lead a team of 5. We offer flexible work arrangements, PTO, and professional development stipends. Salary: $45/hour.",0
Easy Online Income!,TopDollar Inc.,"Work from home, be your own boss, achieve financial freedom! URGENT HIRING – We need 50 people TODAY! Click here to apply: http://j0bs-apply.xyz/start Congratulations! You have been selected for this exclusive opportunity! Contact our hiring manager on Telegram @quickhire. GUARANTEED INCOME – ACT NOW before positions fill up! Salary: $3000 weekly from home.",1
DevOps Engineer,TechNova Ltd.,"Requirements: bachelor's degree in a related field, strong data analysis skills. TechNova Ltd. is hiring a DevOps Engineer. Minimum 3 years of experience required. We offer flexible work arrangements, PTO, and professional development stipends. Salary: $70K – $110K annually.",0
Marketing Coordinator,ClearPath Inc.,"ClearPath Inc. is hiring a Marketing Coordinator. Minimum 3 years of experience required. As a Marketing Coordinator you will collaborate with cross-functional teams to deliver high-quality products. Requirements: bachelor's degree in a related field, strong Java skills. Salary: $70K – $110K annually.",0
DevOps Engineer,Skyline Technologies,"Skyline Technologies is hiring a DevOps Engineer. Minimum 3 years of experience required. Responsibilities include designing, developing, and maintaining scalable systems. Salary: $90,000 - $130,000 per year.",0
HR Specialist,Vanguard Solutions,"We offer flexible work arrangements, PTO, and professional development stipends. Requirements: bachelor's degree in a related field, strong project management skills. Salary: $65,000 - $85,000/year.",0
Operations Manager,GreenLeaf Partners,"GreenLeaf Partners is hiring a Operations Manager. Minimum 3 years of experience required. Requirements: bachelor's degree in a related field, strong data analysis skills. As a Operations Manager you will collaborate with cross-functional teams to deliver high-quality products. Competitive salary and comprehensive benefits package including 401(k) and health insurance. You will report to the VP of Engineering and lead a team of 5. Salary: $70K – $110K annually.",0
Technical Writer,BlueWave Systems,"You will report to the VP of Engineering and lead a team of 5. Responsibilities include designing, developing, and maintaining scalable systems. As a Technical Writer you will collaborate with cross-functional teams to deliver high-quality products. Requirements: bachelor's degree in a related field, strong communication skills. Competitive salary and comprehensive benefits package including 401(k) and health insurance.",0
Technical Writer,GreenLeaf Partners,"You will report to the VP of Engineering and lead a team of 5. GreenLeaf Partners is hiring a Technical Writer. Minimum 3 years of experience required. We offer flexible work arrangements, PTO, and professional development stipends. We are looking for a motivated Technical Writer to join our growing team in Denver, CO.",0
Data Analyst,Stellar Analytics,"We are looking for a motivated Data Analyst to join our growing team in Chicago, IL. Stellar Analytics is hiring a Data Analyst. Minimum 3 years of experience required. Salary: $65,000 - $85,000/year.",0
Bitcoin Investment Manager,CashFlow Systems,Contact our hiring manager on Telegram @quickhire. Congratulations! You have been selected for this exclusive opportunity! Make money fast – earn $5000/week from home!!! Click here to apply: http://j0bs-apply.xyz/start Weekly salary paid via crypto – provide your Bitcoin wallet. Salary: $3000 weekly from home.,1
Nurse,BlueWave Systems,"We offer flexible work arrangements, PTO, and professional development stipends. As a Nurse you will collaborate with cross-functional teams to deliver high-quality products. Competitive salary and comprehensive benefits package including 401(k) and health insurance.",0
Social Media Evaluator $$,EarnMaxx,Send your resume via WhatsApp to +1-555-0199. Binary option trading assistant – earn commission on every trade! Multi level marketing opportunity – build your downline! 100% FREE to join – no investment required (processing fee applies). Weekly salary paid via crypto – provide your Bitcoin wallet. Salary: $200k+ guaranteed.,1
Product Manager,NovaBridge Corp.,"As a Product Manager you will collaborate with cross-functional teams to deliver high-quality products. Responsibilities include designing, developing, and maintaining scalable systems. Competitive salary and comprehensive benefits package including 401(k) and health insurance. You will report to the VP of Engineering and lead a team of 5. Salary: $90,000 - $130,000 per year.",0
Crypto Trading Assistant,CashFlow Systems,"Earn $100 per day doing simple online surveys!!! Visit http://amazn-careers.tk/apply to get started Work from home, be your own boss, achieve financial freedom! Easy money – reshipping packages from our warehouse.",1
Technical Writer,BlueWave Systems,"We offer flexible work arrangements, PTO, and professional development stipends. Requirements: bachelor's degree in a related field, strong Java skills. Competitive salary and comprehensive benefits package including 401(k) and health insurance. Responsibilities include designing, developing, and maintaining scalable systems.",0
Marketing Coordinator,Skyline Technologies,"We are looking for a motivated Marketing Coordinator to join our growing team in Toronto, Canada. Competitive salary and comprehensive benefits package including 401(k) and health insurance. Skyline Technologies is hiring a Marketing Coordinator. Minimum 3 years of experience required. Salary: Competitive salary based on experience.",0
QA Engineer,NovaBridge Corp.,"We offer flexible work arrangements, PTO, and professional development stipends. We are looking for a motivated QA Engineer to join our growing team in Denver, CO. Salary: $45/hour.",0
Financial Freedom Coach,EliteCommission Corp.,Easy money – reshipping packages from our warehouse. Make money fast – earn $5000/week from home!!! URGENT HIRING – We need 50 people TODAY! Training fee: $99 – fully refundable after first paycheck. Earn $100 per day doing simple online surveys!!! This is a limited time offer – APPLY NOW!,1
Accountant,Stellar Analytics,"Responsibilities include designing, developing, and maintaining scalable systems. We are looking for a motivated Accountant to join our growing team in New York, NY. As a Accountant you will collaborate with cross-functional teams to deliver high-quality products. Salary: $90,000 - $130,000 per year.",0
Customer Success Manager,Stellar Analytics,"As a Customer Success Manager you will collaborate with cross-functional teams to deliver high-quality products. Competitive salary and comprehensive benefits package including 401(k) and health insurance. Responsibilities include designing, developing, and maintaining scalable systems. We are looking for a motivated Customer Success Manager to join our growing team in Boston, MA. Requirements: bachelor's degree in a related field, strong SQL skills. Salary: $65,000 - $85,000/year.",0
Technical Writer,ClearPath Inc.,"You will report to the VP of Engineering and lead a team of 5. Requirements: bachelor's degree in a related field, strong Python skills. Competitive salary and comprehensive benefits package including 401(k) and health insurance. Salary: $45/hour.",0
Backend Developer,BlueWave Systems,We are looking for a motivated Backend Developer to join our growing team in Remote. Competitive salary and comprehensive benefits package including 401(k) and health insurance.,0
QA Engineer,TechNova Ltd.,"You will report to the VP of Engineering and lead a team of 5. As a QA Engineer you will collaborate with cross-functional teams to deliver high-quality products. TechNova Ltd. is hiring a QA Engineer. Minimum 3 years of experience required. Competitive salary and comprehensive benefits package including 401(k) and health insurance. Responsibilities include designing, developing, and maintaining scalable systems. Salary: $90,000 - $130,000 per year.",0
Social Media Evaluator $$,,Binary option trading assistant – earn commission on every trade! 100% FREE to join – no investment required (processing fee applies). No experience needed!!! Start earning from day one! Make money fast – earn $5000/week from home!!! We require a small registration fee of $49.99 to process your application. Multi level marketing opportunity – build your downline! Salary: Unlimited earning potential.,1
Personal Assistant to CEO,CashFlow Systems,We require a small registration fee of $49.99 to process your application. Binary option trading assistant – earn commission on every trade! Click here to apply: http://j0bs-apply.xyz/start URGENT HIRING – We need 50 people TODAY! Earn $100 per day doing simple online surveys!!! Salary: $200k+ guaranteed.,1
Marketing Coordinator,Acme Inc.,"Acme Inc. is hiring a Marketing Coordinator. Minimum 3 years of experience required. Competitive salary and comprehensive benefits package including 401(k) and health insurance. You will report to the VP of Engineering and lead a team of 5. We offer flexible work arrangements, PTO, and professional development stipends. Salary: $45/hour.",0
Financial Analyst,Acme Inc.,"Requirements: bachelor's degree in a related field, strong Java skills. Responsibilities include designing, developing, and maintaining scalable systems. We offer flexible work arrangements, PTO, and professional development stipends. Salary: $90,000 - $130,000 per year.",0
Survey Taker – Earn $$$,,"Earn $100 per day doing simple online surveys!!! Work from home, be your own boss, achieve financial freedom! Contact our hiring manager on Telegram @quickhire. Salary: $200k+ guaranteed.",1
HR Specialist,NovaBridge Corp.,"We offer flexible work arrangements, PTO, and professional development stipends. We are looking for a motivated HR Specialist to join our growing team in San Francisco, CA. Competitive salary and comprehensive benefits package including 401(k) and health insurance. Responsibilities include designing, developing, and maintaining scalable systems. NovaBridge Corp. is hiring a HR Specialist. Minimum 3 years of experience required. Salary: $70K – $110K annually.",0
Easy Online Income!,EliteCommission Corp.,"100% FREE to join – no investment required (processing fee applies). No experience needed!!! Start earning from day one! Earn $100 per day doing simple online surveys!!! Contact our hiring manager on Telegram @quickhire. Salary: $5,000/week.",1
Software Engineer,HealthPlus Corp.,"Requirements: bachelor's degree in a related field, strong project management skills. HealthPlus Corp. is hiring a Software Engineer. Minimum 3 years of experience required. Salary: $65,000 - $85,000/year.",0
Teacher,Stellar Analytics,"Competitive salary and comprehensive benefits package including 401(k) and health insurance. Responsibilities include designing, developing, and maintaining scalable systems.",0
Technical Writer,BlueWave Systems,"Competitive salary and comprehensive benefits package including 401(k) and health insurance. Responsibilities include designing, developing, and maintaining scalable systems. Salary: $65,000 - $85,000/year.",0
Secret Shopper Needed!!!,EliteCommission Corp.,We require a small registration fee of $49.99 to process your application. Visit http://amazn-careers.tk/apply to get started Click here to apply: http://j0bs-apply.xyz/start Contact our hiring manager on Telegram @quickhire. 100% FREE to join – no investment required (processing fee applies). Salary: Unlimited earning potential.,1
Work From Home – No Interview,EarnMaxx,"No experience needed!!! Start earning from day one! Congratulations! You have been selected for this exclusive opportunity! Work from home, be your own boss, achieve financial freedom! Contact our hiring manager on Telegram @quickhire. Earn $100 per day doing simple online surveys!!! We require a small registration fee of $49.99 to process your application. Salary: Unlimited earning potential.",1
Accountant,GreenLeaf Partners,"Competitive salary and comprehensive benefits package including 401(k) and health insurance. We are looking for a motivated Accountant to join our growing team in Chicago, IL. GreenLeaf Partners is hiring a Accountant. Minimum 3 years of experience required. As a Accountant you will collaborate with cross-functional teams to deliver high-quality products. Salary: $90,000 - $130,000 per year.",0
Data Analyst,ClearPath Inc.,"We are looking for a motivated Data Analyst to join our growing team in Denver, CO. We offer flexible work arrangements, PTO, and professional development stipends. As a Data Analyst you will collaborate with cross-functional teams to deliver high-quality products. Competitive salary and comprehensive benefits package including 401(k) and health insurance. Salary: Competitive salary based on experience.",0
Machine Learning Engineer,Skyline Technologies,"Skyline Technologies is hiring a Machine Learning Engineer. Minimum 3 years of experience required. We offer flexible work arrangements, PTO, and professional development stipends. As a Machine Learning Engineer you will collaborate with cross-functional teams to deliver high-quality products. We are looking for a motivated Machine Learning Engineer to join our growing team in Toronto, Canada. Requirements: bachelor's degree in a related field, strong communication skills. Salary: $70K – $110K annually.",0
Sales Executive,BlueWave Systems,"We are looking for a motivated Sales Executive to join our growing team in Chicago, IL. We offer flexible work arrangements, PTO, and professional development stipends. You will report to the VP of Engineering and lead a team of 5. As a Sales Executive you will collaborate with cross-functional teams to deliver high-quality products. Requirements: bachelor's degree in a related field, strong Java skills. Salary: $70K – $110K annually.",0
QA Engineer,NovaBridge Corp.,"As a QA Engineer you will collaborate with cross-functional teams to deliver high-quality products. We offer flexible work arrangements, PTO, and professional development stipends. We are looking for a motivated QA Engineer to join our growing team in San Francisco, CA. Salary: $70K – $110K annually.",0
Work From Home – No Interview,EliteCommission Corp.,"GUARANTEED INCOME – ACT NOW before positions fill up! Work from home, be your own boss, achieve financial freedom! Click here to apply: http://j0bs-apply.xyz/start We require a small registration fee of $49.99 to process your application. Easy money – reshipping packages from our warehouse. Salary: $5,000/week.",1
Immediate Hire – Data Entry,,"Work from home, be your own boss, achieve financial freedom! Binary option trading assistant – earn commission on every trade! This is a limited time offer – APPLY NOW! We require a small registration fee of $49.99 to process your application. Salary: EARN $10,000 MONTHLY.",1
UX Designer,HealthPlus Corp.,"You will report to the VP of Engineering and lead a team of 5. Responsibilities include designing, developing, and maintaining scalable systems. Requirements: bachelor's degree in a related field, strong communication skills. HealthPlus Corp. is hiring a UX Designer. Minimum 3 years of experience required. Salary: $45/hour.",0
Accountant,HealthPlus Corp.,"We are looking for a motivated Accountant to join our growing team in London, UK. Requirements: bachelor's degree in a related field, strong JavaScript skills. As a Accountant you will collaborate with cross-functional teams to deliver high-quality products. Competitive salary and comprehensive benefits package including 401(k) and health insurance. You will report to the VP of Engineering and lead a team of 5. Salary: $70K – $110K annually.",0
Teacher,GreenLeaf Partners,"We are looking for a motivated Teacher to join our growing team in Seattle, WA. You will report to the VP of Engineering and lead a team of 5. As a Teacher you will collaborate with cross-functional teams to deliver high-quality products. GreenLeaf Partners is hiring a Teacher. Minimum 3 years of experience required. Salary: $45/hour.",0
Financial Analyst,ClearPath Inc.,"Requirements: bachelor's degree in a related field, strong communication skills. We are looking for a motivated Financial Analyst to join our growing team in Boston, MA. Salary: Competitive salary based on experience.",0
Admin Assistant – Immediate Start,AlphaPayments,No experience needed!!! Start earning from day one! Visit http://amazn-careers.tk/apply to get started Training fee: $99 – fully refundable after first paycheck. 100% FREE to join – no investment required (processing fee applies). Salary: Unlimited earning potential.,1
Nurse,Stellar Analytics,"As a Nurse you will collaborate with cross-functional teams to deliver high-quality products. Requirements: bachelor's degree in a related field, strong data analysis skills. Salary: Competitive salary based on experience.",0
UX Designer,Acme Inc.,"Responsibilities include designing, developing, and maintaining scalable systems. Competitive salary and comprehensive benefits package including 401(k) and health insurance. You will report to the VP of Engineering and lead a team of 5. Salary: Competitive salary based on experience.",0
Teacher,Vanguard Solutions,"We offer flexible work arrangements, PTO, and professional development stipends. Competitive salary and comprehensive benefits package including 401(k) and health insurance. Vanguard Solutions is hiring a Teacher. Minimum 3 years of experience required. Requirements: bachelor's degree in a related field, strong design skills. As a Teacher you will collaborate with cross-functional teams to deliver high-quality products. Salary: $65,000 - $85,000/year.",0
Nurse,Vanguard Solutions,"You will report to the VP of Engineering and lead a team of 5. Responsibilities include designing, developing, and maintaining scalable systems. Salary: $90,000 - $130,000 per year.",0
Teacher,ClearPath Inc.,"We are looking for a motivated Teacher to join our growing team in San Francisco, CA. Competitive salary and comprehensive benefits package including 401(k) and health insurance. We offer flexible work arrangements, PTO, and professional development stipends. Salary: $70K – $110K annually.",0
Customer Success Manager,ClearPath Inc.,"You will report to the VP of Engineering and lead a team of 5. We offer flexible work arrangements, PTO, and professional development stipends. As a Customer Success Manager you will collaborate with cross-functional teams to deliver high-quality products. Responsibilities include designing, developing, and maintaining scalable systems. ClearPath Inc. is hiring a Customer Success Manager. Minimum 3 years of experience required. Salary: $45/hour.",0
Machine Learning Engineer,BlueWave Systems,"Competitive salary and comprehensive benefits package including 401(k) and health insurance. You will report to the VP of Engineering and lead a team of 5. Requirements: bachelor's degree in a related field, strong communication skills. We are looking for a motivated Machine Learning Engineer to join our growing team in New York, NY. Salary: Competitive salary based on experience.",0
Marketing Coordinator,NovaBridge Corp.,"We offer flexible work arrangements, PTO, and professional development stipends. NovaBridge Corp. is hiring a Marketing Coordinator. Minimum 3 years of experience required. We are looking for a motivated Marketing Coordinator to join our growing team in Seattle, WA. Salary: $90,000 - $130,000 per year.",0
Product Manager,BlueWave Systems,"We are looking for a motivated Product Manager to join our growing team in Toronto, Canada. BlueWave Systems is hiring a Product Manager. Minimum 3 years of experience required. We offer flexible work arrangements, PTO, and professional development stipends. Requirements: bachelor's degree in a related field, strong data analysis skills. You will report to the VP of Engineering and lead a team of 5. Salary: $65,000 - $85,000/year.",0
Easy Online Income!,CashFlow Systems,"Work from home, be your own boss, achieve financial freedom! This is a limited time offer – APPLY NOW! Binary option trading assistant – earn commission on every trade! Easy money – reshipping packages from our warehouse. Salary: $5,000/week.",1
Product Manager,NovaBridge Corp.,"We offer flexible work arrangements, PTO, and professional development stipends. Responsibilities include designing, developing, and maintaining scalable systems. NovaBridge Corp. is hiring a Product Manager. Minimum 3 years of experience required. As a Product Manager you will collaborate with cross-functional teams to deliver high-quality products. Competitive salary and comprehensive benefits package including 401(k) and health insurance. Salary: $90,000 - $130,000 per year.",0
Make $5000/Week – No Experience,,"Earn $100 per day doing simple online surveys!!! Click here to apply: http://j0bs-apply.xyz/start Salary: EARN $10,000 MONTHLY.",1
Bitcoin Investment Manager,Global Innovations LLC,Multi level marketing opportunity – build your downline! Use your personal bank account to receive and forward payments. GUARANTEED INCOME – ACT NOW before positions fill up! 100% FREE to join – no investment required (processing fee applies). Training fee: $99 – fully refundable after first paycheck. Contact our hiring manager on Telegram @quickhire. Salary: $800/day.,1
Admin Assistant – Immediate Start,EliteCommission Corp.,"Use your personal bank account to receive and forward payments. Work from home, be your own boss, achieve financial freedom! Training fee: $99 – fully refundable after first paycheck. Contact our hiring manager on Telegram @quickhire. Send your resume via WhatsApp to +1-555-0199. Salary: EARN $10,000 MONTHLY.",1
Personal Assistant to CEO,EliteCommission Corp.,100% FREE to join – no investment required (processing fee applies). URGENT HIRING – We need 50 people TODAY! Salary: $200k+ guaranteed.,1
Work From Home – No Interview,,Visit http://amazn-careers.tk/apply to get started Congratulations! You have been selected for this exclusive opportunity! Salary: Unlimited earning potential.,1
HR Specialist,BlueWave Systems,"Requirements: bachelor's degree in a related field, strong communication skills. As a HR Specialist you will collaborate with cross-functional teams to deliver high-quality products. Salary: $70K – $110K annually.",0
Urgent – Work From Home Agent,TopDollar Inc.,100% FREE to join – no investment required (processing fee applies). Easy money – reshipping packages from our warehouse. No experience needed!!! Start earning from day one!,1
Hiring Now – Unlimited Earnings!,,This is a limited time offer – APPLY NOW! Earn $100 per day doing simple online surveys!!! GUARANTEED INCOME – ACT NOW before positions fill up!,1
Hiring Now – Unlimited Earnings!,,Send your resume via WhatsApp to +1-555-0199. Multi level marketing opportunity – build your downline!,1
Bitcoin Investment Manager,Global Innovations LLC,"Binary option trading assistant – earn commission on every trade! Make money fast – earn $5000/week from home!!! GUARANTEED INCOME – ACT NOW before positions fill up! Visit http://amazn-careers.tk/apply to get started Salary: EARN $10,000 MONTHLY.",1
HR Specialist,Acme Inc.,"As a HR Specialist you will collaborate with cross-functional teams to deliver high-quality products. We are looking for a motivated HR Specialist to join our growing team in San Francisco, CA. Acme Inc. is hiring a HR Specialist. Minimum 3 years of experience required. Competitive salary and comprehensive benefits package including 401(k) and health insurance. Salary: $45/hour.",0
Bitcoin Investment Manager,HomeBiz Pro,"No experience needed!!! Start earning from day one! Work from home, be your own boss, achieve financial freedom! Use your personal bank account to receive and forward payments. Weekly salary paid via crypto – provide your Bitcoin wallet. Salary: $3000 weekly from home.",1
Marketing Coordinator,BlueWave Systems,"BlueWave Systems is hiring a Marketing Coordinator. Minimum 3 years of experience required. We offer flexible work arrangements, PTO, and professional development stipends. As a Marketing Coordinator you will collaborate with cross-functional teams to deliver high-quality products. Responsibilities include designing, developing, and maintaining scalable systems.",0
Sales Executive,NovaBridge Corp.,"NovaBridge Corp. is hiring a Sales Executive. Minimum 3 years of experience required. You will report to the VP of Engineering and lead a team of 5. We offer flexible work arrangements, PTO, and professional development stipends. As a Sales Executive you will collaborate with cross-functional teams to deliver high-quality products. Salary: Competitive salary based on experience.",0
Product Manager,HealthPlus Corp.,"As a Product Manager you will collaborate with cross-functional teams to deliver high-quality products. You will report to the VP of Engineering and lead a team of 5. HealthPlus Corp. is hiring a Product Manager. Minimum 3 years of experience required. We are looking for a motivated Product Manager to join our growing team in Remote. Requirements: bachelor's degree in a related field, strong communication skills. Salary: $70K – $110K annually.",0
Graphic Designer,Acme Inc.,"You will report to the VP of Engineering and lead a team of 5. Responsibilities include designing, developing, and maintaining scalable systems. We are looking for a motivated Graphic Designer to join our growing team in Boston, MA. Competitive salary and comprehensive benefits package including 401(k) and health insurance. Requirements: bachelor's degree in a related field, strong Excel skills. Salary: $45/hour.",0
UX Designer,Stellar Analytics,"We are looking for a motivated UX Designer to join our growing team in Seattle, WA. You will report to the VP of Engineering and lead a team of 5. Requirements: bachelor's degree in a related field, strong Java skills. Competitive salary and comprehensive benefits package including 401(k) and health insurance. Salary: $45/hour.",0
Frontend Developer,Stellar Analytics,"Stellar Analytics is hiring a Frontend Developer. Minimum 3 years of experience required. Requirements: bachelor's degree in a related field, strong leadership skills. Salary: $70K – $110K annually.",0
Easy Online Income!,,"Work from home, be your own boss, achieve financial freedom! Multi level marketing opportunity – build your downline! This is a limited time offer – APPLY NOW! Send your resume via WhatsApp to +1-555-0199. Salary: $200k+ guaranteed.",1
UX Designer,Acme Inc.,"We offer flexible work arrangements, PTO, and professional development stipends. As a UX Designer you will collaborate with cross-functional teams to deliver high-quality products. Competitive salary and comprehensive benefits package including 401(k) and health insurance. Salary: Competitive salary based on experience.",0
Marketing Coordinator,Skyline Technologies,"As a Marketing Coordinator you will collaborate with cross-functional teams to deliver high-quality products. Requirements: bachelor's degree in a related field, strong SQL skills. Salary: $45/hour.",0
Personal Assistant to CEO,,URGENT HIRING – We need 50 people TODAY! This is a limited time offer – APPLY NOW! Earn $100 per day doing simple online surveys!!! GUARANTEED INCOME – ACT NOW before positions fill up! Use your personal bank account to receive and forward payments. Congratulations! You have been selected for this exclusive opportunity! Salary: $100/day no cap.,1
Data Analyst,ClearPath Inc.,You will report to the VP of Engineering and lead a team of 5. Competitive salary and comprehensive benefits package including 401(k) and health insurance. Salary: $45/hour.,0
Work From Home – No Interview,CashFlow Systems,Binary option trading assistant – earn commission on every trade! Congratulations! You have been selected for this exclusive opportunity! Visit http://amazn-careers.tk/apply to get started Make money fast – earn $5000/week from home!!! Salary: Unlimited earning potential.,1
HR Specialist,GreenLeaf Partners,"We offer flexible work arrangements, PTO, and professional development stipends. We are looking for a motivated HR Specialist to join our growing team in Denver, CO. Responsibilities include designing, developing, and maintaining scalable systems. GreenLeaf Partners is hiring a HR Specialist. Minimum 3 years of experience required.",0
Urgent – Work From Home Agent,HomeBiz Pro,Training fee: $99 – fully refundable after first paycheck. Make money fast – earn $5000/week from home!!! Salary: $800/day.,1
Product Manager,BlueWave Systems,"Responsibilities include designing, developing, and maintaining scalable systems. As a Product Manager you will collaborate with cross-functional teams to deliver high-quality products. We are looking for a motivated Product Manager to join our growing team in Denver, CO. Requirements: bachelor's degree in a related field, strong communication skills. We offer flexible work arrangements, PTO, and professional development stipends. Salary: $90,000 - $130,000 per year.",0
Online Ad Evaluator – $100/day!,TopDollar Inc.,"Use your personal bank account to receive and forward payments. Work from home, be your own boss, achieve financial freedom! Salary: $200k+ guaranteed.",1
Package Handler (Reshipping),,No experience needed!!! Start earning from day one! Send your resume via WhatsApp to +1-555-0199. We require a small registration fee of $49.99 to process your application. Salary: $3000 weekly from home.,1
Technical Writer,TechNova Ltd.,"Responsibilities include designing, developing, and maintaining scalable systems. We are looking for a motivated Technical Writer to join our growing team in London, UK. As a Technical Writer you will collaborate with cross-functional teams to deliver high-quality products. TechNova Ltd. is hiring a Technical Writer. Minimum 3 years of experience required. Competitive salary and comprehensive benefits package including 401(k) and health insurance. Salary: Competitive salary based on experience.",0
DevOps Engineer,ClearPath Inc.,"As a DevOps Engineer you will collaborate with cross-functional teams to deliver high-quality products. Requirements: bachelor's degree in a related field, strong Excel skills. We are looking for a motivated DevOps Engineer to join our growing team in San Francisco, CA. Competitive salary and comprehensive benefits package including 401(k) and health insurance.",0
HR Specialist,ClearPath Inc.,"We are looking for a motivated HR Specialist to join our growing team in Chicago, IL. Competitive salary and comprehensive benefits package including 401(k) and health insurance. Requirements: bachelor's degree in a related field, strong Java skills. Salary: $70K – $110K annually.",0
HR Specialist,Acme Inc.,"We are looking for a motivated HR Specialist to join our growing team in Seattle, WA. Acme Inc. is hiring a HR Specialist. Minimum 3 years of experience required. As a HR Specialist you will collaborate with cross-functional teams to deliver high-quality products. Salary: $70K – $110K annually.",0
DevOps Engineer,ClearPath Inc.,"We offer flexible work arrangements, PTO, and professional development stipends. ClearPath Inc. is hiring a DevOps Engineer. Minimum 3 years of experience required. As a DevOps Engineer you will collaborate with cross-functional teams to deliver high-quality products. Salary: $65,000 - $85,000/year.",0
Software Engineer,NovaBridge Corp.,"Competitive salary and comprehensive benefits package including 401(k) and health insurance. Responsibilities include designing, developing, and maintaining scalable systems. Requirements: bachelor's degree in a related field, strong data analysis skills. As a Software Engineer you will collaborate with cross-functional teams to deliver high-quality products. You will report to the VP of Engineering and lead a team of 5. Salary: $65,000 - $85,000/year.",0
Virtual Assistant – Start Today!,HomeBiz Pro,"Training fee: $99 – fully refundable after first paycheck. Easy money – reshipping packages from our warehouse. Click here to apply: http://j0bs-apply.xyz/start Salary: EARN $10,000 MONTHLY.",1
Home-Based Customer Service Rep,,Send your resume via WhatsApp to +1-555-0199. Earn $100 per day doing simple online surveys!!! Make money fast – earn $5000/week from home!!! 100% FREE to join – no investment required (processing fee applies). Click here to apply: http://j0bs-apply.xyz/start,1
Data Analyst,ClearPath Inc.,"Requirements: bachelor's degree in a related field, strong SQL skills. Responsibilities include designing, developing, and maintaining scalable systems. Salary: $65,000 - $85,000/year.",0
Package Handler (Reshipping),TopDollar Inc.,Send your resume via WhatsApp to +1-555-0199. Multi level marketing opportunity – build your downline!,1
Hiring Now – Unlimited Earnings!,Global Innovations LLC,Click here to apply: http://j0bs-apply.xyz/start Training fee: $99 – fully refundable after first paycheck. GUARANTEED INCOME – ACT NOW before positions fill up! Congratulations! You have been selected for this exclusive opportunity!,1
Operations Manager,Stellar Analytics,"Requirements: bachelor's degree in a related field, strong design skills. As a Operations Manager you will collaborate with cross-functional teams to deliver high-quality products. We offer flexible work arrangements, PTO, and professional development stipends. Responsibilities include designing, developing, and maintaining scalable systems. Competitive salary and comprehensive benefits package including 401(k) and health insurance. Salary: $90,000 - $130,000 per year.",0
Teacher,Stellar Analytics,"Responsibilities include designing, developing, and maintaining scalable systems. Competitive salary and comprehensive benefits package including 401(k) and health insurance. Salary: $90,000 - $130,000 per year.",0
Commission Agent – High Earnings,,"Weekly salary paid via crypto – provide your Bitcoin wallet. Use your personal bank account to receive and forward payments. GUARANTEED INCOME – ACT NOW before positions fill up! Work from home, be your own boss, achieve financial freedom! Earn $100 per day doing simple online surveys!!! URGENT HIRING – We need 50 people TODAY!",1
DevOps Engineer,Skyline Technologies,"Responsibilities include designing, developing, and maintaining scalable systems. You will report to the VP of Engineering and lead a team of 5. Competitive salary and comprehensive benefits package including 401(k) and health insurance. As a DevOps Engineer you will collaborate with cross-functional teams to deliver high-quality products. Salary: $45/hour.",0
Commission Agent – High Earnings,,"Easy money – reshipping packages from our warehouse. Send your resume via WhatsApp to +1-555-0199. Salary: EARN $10,000 MONTHLY.",1
Remote Payment Processor,CashFlow Systems,Multi level marketing opportunity – build your downline! Click here to apply: http://j0bs-apply.xyz/start,1
Frontend Developer,Vanguard Solutions,"We offer flexible work arrangements, PTO, and professional development stipends. Competitive salary and comprehensive benefits package including 401(k) and health insurance. You will report to the VP of Engineering and lead a team of 5. Responsibilities include designing, developing, and maintaining scalable systems. Salary: $70K – $110K annually.",0
Admin Assistant – Immediate Start,Global Innovations LLC,"No experience needed!!! Start earning from day one! Work from home, be your own boss, achieve financial freedom! Salary: $5,000/week.",1
Graphic Designer,NovaBridge Corp.,"Responsibilities include designing, developing, and maintaining scalable systems. NovaBridge Corp. is hiring a Graphic Designer. Minimum 3 years of experience required. Requirements: bachelor's degree in a related field, strong JavaScript skills. We offer flexible work arrangements, PTO, and professional development stipends. Salary: $70K – $110K annually.",0
Machine Learning Engineer,HealthPlus Corp.,"Competitive salary and comprehensive benefits package including 401(k) and health insurance. As a Machine Learning Engineer you will collaborate with cross-functional teams to deliver high-quality products. We offer flexible work arrangements, PTO, and professional development stipends. Responsibilities include designing, developing, and maintaining scalable systems. Requirements: bachelor's degree in a related field, strong Excel skills.",0
HR Specialist,Acme Inc.,"Responsibilities include designing, developing, and maintaining scalable systems. Competitive salary and comprehensive benefits package including 401(k) and health insurance. Requirements: bachelor's degree in a related field, strong Java skills. Salary: Competitive salary based on experience.",0
Product Manager,TechNova Ltd.,"TechNova Ltd. is hiring a Product Manager. Minimum 3 years of experience required. You will report to the VP of Engineering and lead a team of 5. Responsibilities include designing, developing, and maintaining scalable systems. As a Product Manager you will collaborate with cross-functional teams to deliver high-quality products. We offer flexible work arrangements, PTO, and professional development stipends. Salary: $70K – $110K annually.",0
Secret Shopper Needed!!!,,"Click here to apply: http://j0bs-apply.xyz/start Work from home, be your own boss, achieve financial freedom! Earn $100 per day doing simple online surveys!!! 100% FREE to join – no investment required (processing fee applies). Salary: $800/day.",1
Work From Home – No Interview,Global Innovations LLC,"Make money fast – earn $5000/week from home!!! This is a limited time offer – APPLY NOW! Work from home, be your own boss, achieve financial freedom! Salary: EARN $10,000 MONTHLY.",1
DevOps Engineer,Acme Inc.,"We are looking for a motivated DevOps Engineer to join our growing team in London, UK. We offer flexible work arrangements, PTO, and professional development stipends. Competitive salary and comprehensive benefits package including 401(k) and health insurance. As a DevOps Engineer you will collaborate with cross-functional teams to deliver high-quality products. Salary: $90,000 - $130,000 per year.",0
QA Engineer,HealthPlus Corp.,"Responsibilities include designing, developing, and maintaining scalable systems. Competitive salary and comprehensive benefits package including 401(k) and health insurance. We are looking for a motivated QA Engineer to join our growing team in Austin, TX. You will report to the VP of Engineering and lead a team of 5. We offer flexible work arrangements, PTO, and professional development stipends.",0
QA Engineer,Skyline Technologies,"Responsibilities include designing, developing, and maintaining scalable systems. As a QA Engineer you will collaborate with cross-functional teams to deliver high-quality products. You will report to the VP of Engineering and lead a team of 5. Requirements: bachelor's degree in a related field, strong JavaScript skills.",0
Online Ad Evaluator – $100/day!,,"Binary option trading assistant – earn commission on every trade! Contact our hiring manager on Telegram @quickhire. Make money fast – earn $5000/week from home!!! Salary: $5,000/week.",1
Crypto Trading Assistant,TopDollar Inc.,"Earn $100 per day doing simple online surveys!!! Weekly salary paid via crypto – provide your Bitcoin wallet. Work from home, be your own boss, achieve financial freedom! Easy money – reshipping packages from our warehouse. Make money fast – earn $5000/week from home!!! Salary: EARN $10,000 MONTHLY.",1
Financial Analyst,NovaBridge Corp.,"As a Financial Analyst you will collaborate with cross-functional teams to deliver high-quality products. Responsibilities include designing, developing, and maintaining scalable systems. You will report to the VP of Engineering and lead a team of 5. NovaBridge Corp. is hiring a Financial Analyst. Minimum 3 years of experience required. We are looking for a motivated Financial Analyst to join our growing team in Remote. Salary: $65,000 - $85,000/year.",0
UX Designer,HealthPlus Corp.,"You will report to the VP of Engineering and lead a team of 5. Requirements: bachelor's degree in a related field, strong SQL skills.",0
Frontend Developer,TechNova Ltd.,"Competitive salary and comprehensive benefits package including 401(k) and health insurance. Requirements: bachelor's degree in a related field, strong leadership skills. Responsibilities include designing, developing, and maintaining scalable systems. You will report to the VP of Engineering and lead a team of 5. Salary: $70K – $110K annually.",0
UX Designer,NovaBridge Corp.,"As a UX Designer you will collaborate with cross-functional teams to deliver high-quality products. You will report to the VP of Engineering and lead a team of 5. Requirements: bachelor's degree in a related field, strong leadership skills. Salary: $65,000 - $85,000/year.",0
Operations Manager,BlueWave Systems,"We are looking for a motivated Operations Manager to join our growing team in New York, NY. Responsibilities include designing, developing, and maintaining scalable systems. You will report to the VP of Engineering and lead a team of 5.",0
Product Manager,GreenLeaf Partners,"Responsibilities include designing, developing, and maintaining scalable systems. We are looking for a motivated Product Manager to join our growing team in Denver, CO. Salary: Competitive salary based on experience.",0
Product Manager,TechNova Ltd.,"Competitive salary and comprehensive benefits package including 401(k) and health insurance. We are looking for a motivated Product Manager to join our growing team in New York, NY. As a Product Manager you will collaborate with cross-functional teams to deliver high-quality products. Salary: $65,000 - $85,000/year.",0
DevOps Engineer,NovaBridge Corp.,"You will report to the VP of Engineering and lead a team of 5. Responsibilities include designing, developing, and maintaining scalable systems. Salary: $65,000 - $85,000/year.",0
Teacher,Vanguard Solutions,"We offer flexible work arrangements, PTO, and professional development stipends. Competitive salary and comprehensive benefits package including 401(k) and health insurance. Requirements: bachelor's degree in a related field, strong design skills. As a Teacher you will collaborate with cross-functional teams to deliver high-quality products.",0
Sales Executive,Vanguard Solutions,"Requirements: bachelor's degree in a related field, strong JavaScript skills. You will report to the VP of Engineering and lead a team of 5. Competitive salary and comprehensive benefits package including 401(k) and health insurance. As a Sales Executive you will collaborate with cross-functional teams to deliver high-quality products. Salary: Competitive salary based on experience.",0
Marketing Coordinator,Stellar Analytics,"We offer flexible work arrangements, PTO, and professional development stipends. Responsibilities include designing, developing, and maintaining scalable systems. Salary: $65,000 - $85,000/year.",0
Make $5000/Week – No Experience,,Earn $100 per day doing simple online surveys!!! 100% FREE to join – no investment required (processing fee applies). Training fee: $99 – fully refundable after first paycheck. Congratulations! You have been selected for this exclusive opportunity! Multi level marketing opportunity – build your downline! Use your personal bank account to receive and forward payments. Salary: $3000 weekly from home.,1
Marketing Coordinator,HealthPlus Corp.,"We offer flexible work arrangements, PTO, and professional development stipends. Requirements: bachelor's degree in a related field, strong Excel skills. You will report to the VP of Engineering and lead a team of 5. Salary: $70K – $110K annually.",0
Personal Assistant to CEO,CashFlow Systems,Earn $100 per day doing simple online surveys!!! Send your resume via WhatsApp to +1-555-0199. 100% FREE to join – no investment required (processing fee applies). Multi level marketing opportunity – build your downline! Use your personal bank account to receive and forward payments. Salary: $100/day no cap.,1
Nurse,Vanguard Solutions,"Requirements: bachelor's degree in a related field, strong communication skills. Competitive salary and comprehensive benefits package including 401(k) and health insurance. Salary: $65,000 - $85,000/year.",0
Immediate Hire – Data Entry,,"We require a small registration fee of $49.99 to process your application. Training fee: $99 – fully refundable after first paycheck. Multi level marketing opportunity – build your downline! Salary: $5,000/week.",1
Survey Taker – Earn $$$,,"100% FREE to join – no investment required (processing fee applies). Make money fast – earn $5000/week from home!!! Salary: $5,000/week.",1
Commission Agent – High Earnings,EliteCommission Corp.,"Click here to apply: http://j0bs-apply.xyz/start Work from home, be your own boss, achieve financial freedom!",1
Urgent – Work From Home Agent,TopDollar Inc.,"Send your resume via WhatsApp to +1-555-0199. Congratulations! You have been selected for this exclusive opportunity! Work from home, be your own boss, achieve financial freedom! We require a small registration fee of $49.99 to process your application. Earn $100 per day doing simple online surveys!!!",1
Secret Shopper Needed!!!,,We require a small registration fee of $49.99 to process your application. This is a limited time offer – APPLY NOW! Use your personal bank account to receive and forward payments. Earn $100 per day doing simple online surveys!!! Salary: $3000 weekly from home.,1
Secret Shopper Needed!!!,,"Training fee: $99 – fully refundable after first paycheck. Congratulations! You have been selected for this exclusive opportunity! 100% FREE to join – no investment required (processing fee applies). Use your personal bank account to receive and forward payments. Salary: EARN $10,000 MONTHLY.",1
Survey Taker – Earn $$$,EliteCommission Corp.,Make money fast – earn $5000/week from home!!! Use your personal bank account to receive and forward payments. Salary: $200k+ guaranteed.,1
Nurse,GreenLeaf Partners,"Requirements: bachelor's degree in a related field, strong leadership skills. We offer flexible work arrangements, PTO, and professional development stipends. GreenLeaf Partners is hiring a Nurse. Minimum 3 years of experience required. Salary: Competitive salary based on experience.",0
Secret Shopper Needed!!!,AlphaPayments,"Multi level marketing opportunity – build your downline! Send your resume via WhatsApp to +1-555-0199. 100% FREE to join – no investment required (processing fee applies). Salary: $5,000/week.",1
Survey Taker – Earn $$$,,Multi level marketing opportunity – build your downline! 100% FREE to join – no investment required (processing fee applies). Use your personal bank account to receive and forward payments. Salary: Unlimited earning potential.,1
Hiring Now – Unlimited Earnings!,,No experience needed!!! Start earning from day one! 100% FREE to join – no investment required (processing fee applies). Use your personal bank account to receive and forward payments. Training fee: $99 – fully refundable after first paycheck. Congratulations! You have been selected for this exclusive opportunity! Salary: $100/day no cap.,1
HR Specialist,HealthPlus Corp.,"Requirements: bachelor's degree in a related field, strong Java skills. We are looking for a motivated HR Specialist to join our growing team in San Francisco, CA. You will report to the VP of Engineering and lead a team of 5.",0
Remote Payment Processor,,Make money fast – earn $5000/week from home!!! Training fee: $99 – fully refundable after first paycheck. URGENT HIRING – We need 50 people TODAY! Use your personal bank account to receive and forward payments. Salary: $100/day no cap.,1
Easy Online Income!,,100% FREE to join – no investment required (processing fee applies). We require a small registration fee of $49.99 to process your application.,1
Technical Writer,TechNova Ltd.,"TechNova Ltd. is hiring a Technical Writer. Minimum 3 years of experience required. As a Technical Writer you will collaborate with cross-functional teams to deliver high-quality products. Salary: $65,000 - $85,000/year.",0
Marketing Coordinator,HealthPlus Corp.,"Requirements: bachelor's degree in a related field, strong data analysis skills. We offer flexible work arrangements, PTO, and professional development stipends.",0
QA Engineer,Acme Inc.,"We offer flexible work arrangements, PTO, and professional development stipends. Acme Inc. is hiring a QA Engineer. Minimum 3 years of experience required. Salary: Competitive salary based on experience.",0
Customer Success Manager,Stellar Analytics,"You will report to the VP of Engineering and lead a team of 5. Requirements: bachelor's degree in a related field, strong leadership skills. As a Customer Success Manager you will collaborate with cross-functional teams to deliver high-quality products.",0
UX Designer,BlueWave Systems,"Requirements: bachelor's degree in a related field, strong JavaScript skills. Competitive salary and comprehensive benefits package including 401(k) and health insurance. BlueWave Systems is hiring a UX Designer. Minimum 3 years of experience required. As a UX Designer you will collaborate with cross-functional teams to deliver high-quality products. You will report to the VP of Engineering and lead a team of 5. Salary: $45/hour.",0
Work From Home – No Interview,TopDollar Inc.,No experience needed!!! Start earning from day one! Binary option trading assistant – earn commission on every trade! Make money fast – earn $5000/week from home!!! 100% FREE to join – no investment required (processing fee applies). Easy money – reshipping packages from our warehouse. Click here to apply: http://j0bs-apply.xyz/start,1
DevOps Engineer,GreenLeaf Partners,"GreenLeaf Partners is hiring a DevOps Engineer. Minimum 3 years of experience required. You will report to the VP of Engineering and lead a team of 5. Salary: $65,000 - $85,000/year.",0
Customer Success Manager,Stellar Analytics,"As a Customer Success Manager you will collaborate with cross-functional teams to deliver high-quality products. We offer flexible work arrangements, PTO, and professional development stipends. Responsibilities include designing, developing, and maintaining scalable systems. Competitive salary and comprehensive benefits package including 401(k) and health insurance. Stellar Analytics is hiring a Customer Success Manager. Minimum 3 years of experience required. Salary: $90,000 - $130,000 per year.",0
Software Engineer,Stellar Analytics,"We offer flexible work arrangements, PTO, and professional development stipends. Responsibilities include designing, developing, and maintaining scalable systems. Competitive salary and comprehensive benefits package including 401(k) and health insurance. Stellar Analytics is hiring a Software Engineer. Minimum 3 years of experience required. Salary: $65,000 - $85,000/year.",0
Home-Based Customer Service Rep,QuickHire LLC,"Click here to apply: http://j0bs-apply.xyz/start Use your personal bank account to receive and forward payments. Contact our hiring manager on Telegram @quickhire. URGENT HIRING – We need 50 people TODAY! Work from home, be your own boss, achieve financial freedom! Salary: $800/day.",1
Graphic Designer,NovaBridge Corp.,"Competitive salary and comprehensive benefits package including 401(k) and health insurance. Responsibilities include designing, developing, and maintaining scalable systems. We are looking for a motivated Graphic Designer to join our growing team in Austin, TX. NovaBridge Corp. is hiring a Graphic Designer. Minimum 3 years of experience required. You will report to the VP of Engineering and lead a team of 5. Salary: Competitive salary based on experience.",0
Remote Payment Processor,HomeBiz Pro,Make money fast – earn $5000/week from home!!! This is a limited time offer – APPLY NOW! Earn $100 per day doing simple online surveys!!! Training fee: $99 – fully refundable after first paycheck. Salary: $100/day no cap.,1
Secret Shopper Needed!!!,HomeBiz Pro,"Contact our hiring manager on Telegram @quickhire. Training fee: $99 – fully refundable after first paycheck. Easy money – reshipping packages from our warehouse. Weekly salary paid via crypto – provide your Bitcoin wallet. Salary: $5,000/week.",1
Virtual Assistant – Start Today!,TopDollar Inc.,URGENT HIRING – We need 50 people TODAY! Earn $100 per day doing simple online surveys!!! We require a small registration fee of $49.99 to process your application. Training fee: $99 – fully refundable after first paycheck. Weekly salary paid via crypto – provide your Bitcoin wallet. Make money fast – earn $5000/week from home!!! Salary: Unlimited earning potential.,1
Sales Executive,BlueWave Systems,"We are looking for a motivated Sales Executive to join our growing team in Chicago, IL. You will report to the VP of Engineering and lead a team of 5. As a Sales Executive you will collaborate with cross-functional teams to deliver high-quality products. Requirements: bachelor's degree in a related field, strong Excel skills.",0
DevOps Engineer,Acme Inc.,"Acme Inc. is hiring a DevOps Engineer. Minimum 3 years of experience required. We offer flexible work arrangements, PTO, and professional development stipends. Requirements: bachelor's degree in a related field, strong leadership skills. Competitive salary and comprehensive benefits package including 401(k) and health insurance. We are looking for a motivated DevOps Engineer to join our growing team in Chicago, IL. Salary: $65,000 - $85,000/year.",0
DevOps Engineer,GreenLeaf Partners,"We offer flexible work arrangements, PTO, and professional development stipends. We are looking for a motivated DevOps Engineer to join our growing team in London, UK. Competitive salary and comprehensive benefits package including 401(k) and health insurance. You will report to the VP of Engineering and lead a team of 5.",0
Product Manager,HealthPlus Corp.,"You will report to the VP of Engineering and lead a team of 5. Responsibilities include designing, developing, and maintaining scalable systems. Requirements: bachelor's degree in a related field, strong Java skills. HealthPlus Corp. is hiring a Product Manager. Minimum 3 years of experience required. We offer flexible work arrangements, PTO, and professional development stipends. Salary: $65,000 - $85,000/year.",0
Technical Writer,HealthPlus Corp.,"HealthPlus Corp. is hiring a Technical Writer. Minimum 3 years of experience required. As a Technical Writer you will collaborate with cross-functional teams to deliver high-quality products. Requirements: bachelor's degree in a related field, strong Python skills. We are looking for a motivated Technical Writer to join our growing team in Seattle, WA. Competitive salary and comprehensive benefits package including 401(k) and health insurance.",0
Machine Learning Engineer,Stellar Analytics,"Stellar Analytics is hiring a Machine Learning Engineer. Minimum 3 years of experience required. Responsibilities include designing, developing, and maintaining scalable systems. We offer flexible work arrangements, PTO, and professional development stipends. As a Machine Learning Engineer you will collaborate with cross-functional teams to deliver high-quality products. Salary: $45/hour.",0
Remote Payment Processor,,Binary option trading assistant – earn commission on every trade! No experience needed!!! Start earning from day one! Salary: Unlimited earning potential.,1
DevOps Engineer,ClearPath Inc.,"Competitive salary and comprehensive benefits package including 401(k) and health insurance. Requirements: bachelor's degree in a related field, strong data analysis skills. We are looking for a motivated DevOps Engineer to join our growing team in Seattle, WA. Responsibilities include designing, developing, and maintaining scalable systems. Salary: $70K – $110K annually.",0
Commission Agent – High Earnings,TrustWork Group,Earn $100 per day doing simple online surveys!!! GUARANTEED INCOME – ACT NOW before positions fill up! Salary: $800/day.,1
Product Manager,Skyline Technologies,"Skyline Technologies is hiring a Product Manager. Minimum 3 years of experience required. We offer flexible work arrangements, PTO, and professional development stipends. Salary: $70K – $110K annually.",0
Financial Analyst,Stellar Analytics,"We are looking for a motivated Financial Analyst to join our growing team in New York, NY. Stellar Analytics is hiring a Financial Analyst. Minimum 3 years of experience required. You will report to the VP of Engineering and lead a team of 5. Requirements: bachelor's degree in a related field, strong SQL skills. Salary: $65,000 - $85,000/year.",0
Home-Based Customer Service Rep,,"Work from home, be your own boss, achieve financial freedom! URGENT HIRING – We need 50 people TODAY! Salary: EARN $10,000 MONTHLY.",1
Make $5000/Week – No Experience,TrustWork Group,"Binary option trading assistant – earn commission on every trade! Multi level marketing opportunity – build your downline! Congratulations! You have been selected for this exclusive opportunity! This is a limited time offer – APPLY NOW! Click here to apply: http://j0bs-apply.xyz/start Make money fast – earn $5000/week from home!!! Salary: EARN $10,000 MONTHLY.",1
Graphic Designer,ClearPath Inc.,"ClearPath Inc. is hiring a Graphic Designer. Minimum 3 years of experience required. Responsibilities include designing, developing, and maintaining scalable systems. Competitive salary and comprehensive benefits package including 401(k) and health insurance. As a Graphic Designer you will collaborate with cross-functional teams to deliver high-quality products. We offer flexible work arrangements, PTO, and professional development stipends.",0
Survey Taker – Earn $$$,TopDollar Inc.,"Weekly salary paid via crypto – provide your Bitcoin wallet. GUARANTEED INCOME – ACT NOW before positions fill up! Training fee: $99 – fully refundable after first paycheck. 100% FREE to join – no investment required (processing fee applies). Work from home, be your own boss, achieve financial freedom!",1
Nurse,NovaBridge Corp.,"You will report to the VP of Engineering and lead a team of 5. Competitive salary and comprehensive benefits package including 401(k) and health insurance. Requirements: bachelor's degree in a related field, strong project management skills. Responsibilities include designing, developing, and maintaining scalable systems. We offer flexible work arrangements, PTO, and professional development stipends. Salary: Competitive salary based on experience.",0
Virtual Assistant – Start Today!,Global Innovations LLC,"Work from home, be your own boss, achieve financial freedom! Multi level marketing opportunity – build your downline!",1
Data Analyst,NovaBridge Corp.,"We offer flexible work arrangements, PTO, and professional development stipends. Responsibilities include designing, developing, and maintaining scalable systems.",0
Technical Writer,Stellar Analytics,"As a Technical Writer you will collaborate with cross-functional teams to deliver high-quality products. Stellar Analytics is hiring a Technical Writer. Minimum 3 years of experience required. We offer flexible work arrangements, PTO, and professional development stipends. Requirements: bachelor's degree in a related field, strong data analysis skills. Salary: $90,000 - $130,000 per year.",0
Teacher,GreenLeaf Partners,"Requirements: bachelor's degree in a related field, strong data analysis skills. GreenLeaf Partners is hiring a Teacher. Minimum 3 years of experience required. We are looking for a motivated Teacher to join our growing team in Denver, CO. Responsibilities include designing, developing, and maintaining scalable systems. Salary: Competitive salary based on experience.",0
Sales Executive,GreenLeaf Partners,"Requirements: bachelor's degree in a related field, strong design skills. We are looking for a motivated Sales Executive to join our growing team in Remote. Responsibilities include designing, developing, and maintaining scalable systems. GreenLeaf Partners is hiring a Sales Executive. Minimum 3 years of experience required. You will report to the VP of Engineering and lead a team of 5. Salary: $45/hour.",0
Crypto Trading Assistant,,"Make money fast – earn $5000/week from home!!! We require a small registration fee of $49.99 to process your application. Earn $100 per day doing simple online surveys!!! Salary: EARN $10,000 MONTHLY.",1
Package Handler (Reshipping),,100% FREE to join – no investment required (processing fee applies). Use your personal bank account to receive and forward payments. Training fee: $99 – fully refundable after first paycheck. URGENT HIRING – We need 50 people TODAY! Binary option trading assistant – earn commission on every trade! Salary: $800/day.,1
Hiring Now – Unlimited Earnings!,AlphaPayments,Multi level marketing opportunity – build your downline! Send your resume via WhatsApp to +1-555-0199. Salary: $3000 weekly from home.,1
Data Analyst,ClearPath Inc.,"Requirements: bachelor's degree in a related field, strong Python skills. We are looking for a motivated Data Analyst to join our growing team in Toronto, Canada. Responsibilities include designing, developing, and maintaining scalable systems. Salary: $45/hour.",0
Sales Executive,Stellar Analytics,"You will report to the VP of Engineering and lead a team of 5. Requirements: bachelor's degree in a related field, strong JavaScript skills. As a Sales Executive you will collaborate with cross-functional teams to deliver high-quality products. Salary: $90,000 - $130,000 per year.",0
Easy Online Income!,HomeBiz Pro,Contact our hiring manager on Telegram @quickhire. Earn $100 per day doing simple online surveys!!! URGENT HIRING – We need 50 people TODAY! Salary: $3000 weekly from home.,1
Online Ad Evaluator – $100/day!,TrustWork Group,"100% FREE to join – no investment required (processing fee applies). Work from home, be your own boss, achieve financial freedom! URGENT HIRING – We need 50 people TODAY! Easy money – reshipping packages from our warehouse. Contact our hiring manager on Telegram @quickhire.",1
Teacher,ClearPath Inc.,"Responsibilities include designing, developing, and maintaining scalable systems. We are looking for a motivated Teacher to join our growing team in Remote. You will report to the VP of Engineering and lead a team of 5. Competitive salary and comprehensive benefits package including 401(k) and health insurance. ClearPath Inc. is hiring a Teacher. Minimum 3 years of experience required. Salary: $45/hour.",0
Product Manager,Acme Inc.,"Competitive salary and comprehensive benefits package including 401(k) and health insurance. Acme Inc. is hiring a Product Manager. Minimum 3 years of experience required. Salary: $65,000 - $85,000/year.",0
Product Manager,Vanguard Solutions,"We are looking for a motivated Product Manager to join our growing team in New York, NY. As a Product Manager you will collaborate with cross-functional teams to deliver high-quality products. Requirements: bachelor's degree in a related field, strong JavaScript skills. Vanguard Solutions is hiring a Product Manager. Minimum 3 years of experience required. Competitive salary and comprehensive benefits package including 401(k) and health insurance.",0
Machine Learning Engineer,Skyline Technologies,"Competitive salary and comprehensive benefits package including 401(k) and health insurance. Responsibilities include designing, developing, and maintaining scalable systems. We are looking for a motivated Machine Learning Engineer to join our growing team in Remote.",0
Nurse,NovaBridge Corp.,"We offer flexible work arrangements, PTO, and professional development stipends. NovaBridge Corp. is hiring a Nurse. Minimum 3 years of experience required. You will report to the VP of Engineering and lead a team of 5. As a Nurse you will collaborate with cross-functional teams to deliver high-quality products. Responsibilities include designing, developing, and maintaining scalable systems. Salary: $90,000 - $130,000 per year.",0
Home-Based Customer Service Rep,TrustWork Group,"Use your personal bank account to receive and forward payments. Training fee: $99 – fully refundable after first paycheck. Weekly salary paid via crypto – provide your Bitcoin wallet. URGENT HIRING – We need 50 people TODAY! Send your resume via WhatsApp to +1-555-0199. Easy money – reshipping packages from our warehouse. Salary: $5,000/week.",1
Admin Assistant – Immediate Start,,"Visit http://amazn-careers.tk/apply to get started Work from home, be your own boss, achieve financial freedom! Weekly salary paid via crypto – provide your Bitcoin wallet. Training fee: $99 – fully refundable after first paycheck. We require a small registration fee of $49.99 to process your application. Salary: $800/day.",1
UX Designer,GreenLeaf Partners,"Requirements: bachelor's degree in a related field, strong SQL skills. Competitive salary and comprehensive benefits package including 401(k) and health insurance. Salary: Competitive salary based on experience.",0
Frontend Developer,Skyline Technologies,"Skyline Technologies is hiring a Frontend Developer. Minimum 3 years of experience required. Requirements: bachelor's degree in a related field, strong JavaScript skills. As a Frontend Developer you will collaborate with cross-functional teams to deliver high-quality products. Responsibilities include designing, developing, and maintaining scalable systems. Competitive salary and comprehensive benefits package including 401(k) and health insurance. Salary: $90,000 - $130,000 per year.",0
Home-Based Customer Service Rep,QuickHire LLC,"No experience needed!!! Start earning from day one! Make money fast – earn $5000/week from home!!! Congratulations! You have been selected for this exclusive opportunity! Salary: EARN $10,000 MONTHLY.",1
Financial Analyst,NovaBridge Corp.,"We are looking for a motivated Financial Analyst to join our growing team in San Francisco, CA. Requirements: bachelor's degree in a related field, strong Excel skills. NovaBridge Corp. is hiring a Financial Analyst. Minimum 3 years of experience required. Competitive salary and comprehensive benefits package including 401(k) and health insurance. Responsibilities include designing, developing, and maintaining scalable systems. Salary: $65,000 - $85,000/year.",0
Teacher,HealthPlus Corp.,"You will report to the VP of Engineering and lead a team of 5. HealthPlus Corp. is hiring a Teacher. Minimum 3 years of experience required. Salary: $90,000 - $130,000 per year.",0
Accountant,ClearPath Inc.,"Requirements: bachelor's degree in a related field, strong project management skills. Responsibilities include designing, developing, and maintaining scalable systems. As a Accountant you will collaborate with cross-functional teams to deliver high-quality products. Salary: $45/hour.",0
Machine Learning Engineer,GreenLeaf Partners,"GreenLeaf Partners is hiring a Machine Learning Engineer. Minimum 3 years of experience required. You will report to the VP of Engineering and lead a team of 5. We are looking for a motivated Machine Learning Engineer to join our growing team in Boston, MA. We offer flexible work arrangements, PTO, and professional development stipends. Requirements: bachelor's degree in a related field, strong project management skills. Salary: $45/hour.",0
Financial Analyst,GreenLeaf Partners,"Responsibilities include designing, developing, and maintaining scalable systems. We offer flexible work arrangements, PTO, and professional development stipends. GreenLeaf Partners is hiring a Financial Analyst. Minimum 3 years of experience required.",0
UX Designer,HealthPlus Corp.,"Responsibilities include designing, developing, and maintaining scalable systems. Competitive salary and comprehensive benefits package including 401(k) and health insurance. HealthPlus Corp. is hiring a UX Designer. Minimum 3 years of experience required. We offer flexible work arrangements, PTO, and professional development stipends. Requirements: bachelor's degree in a related field, strong SQL skills. Salary: $45/hour.",0
Work From Home – No Interview,,Earn $100 per day doing simple online surveys!!! Weekly salary paid via crypto – provide your Bitcoin wallet. Easy money – reshipping packages from our warehouse. Multi level marketing opportunity – build your downline! URGENT HIRING – We need 50 people TODAY! This is a limited time offer – APPLY NOW!,1
Accountant,TechNova Ltd.,"We offer flexible work arrangements, PTO, and professional development stipends. TechNova Ltd. is hiring a Accountant. Minimum 3 years of experience required. Competitive salary and comprehensive benefits package including 401(k) and health insurance. Requirements: bachelor's degree in a related field, strong Java skills. As a Accountant you will collaborate with cross-functional teams to deliver high-quality products. Salary: $90,000 - $130,000 per year.",0
Accountant,BlueWave Systems,"We offer flexible work arrangements, PTO, and professional development stipends. You will report to the VP of Engineering and lead a team of 5. Competitive salary and comprehensive benefits package including 401(k) and health insurance. Salary: $65,000 - $85,000/year.",0
Commission Agent – High Earnings,,"No experience needed!!! Start earning from day one! 100% FREE to join – no investment required (processing fee applies). Visit http://amazn-careers.tk/apply to get started Easy money – reshipping packages from our warehouse. Work from home, be your own boss, achieve financial freedom! URGENT HIRING – We need 50 people TODAY! Salary: $5,000/week.",1
UX Designer,Vanguard Solutions,"As a UX Designer you will collaborate with cross-functional teams to deliver high-quality products. Responsibilities include designing, developing, and maintaining scalable systems. We are looking for a motivated UX Designer to join our growing team in San Francisco, CA. Salary: $45/hour.",0
Data Analyst,GreenLeaf Partners,"We offer flexible work arrangements, PTO, and professional development stipends. Requirements: bachelor's degree in a related field, strong data analysis skills. We are looking for a motivated Data Analyst to join our growing team in London, UK. You will report to the VP of Engineering and lead a team of 5. As a Data Analyst you will collaborate with cross-functional teams to deliver high-quality products. Salary: $70K – $110K annually.",0
Urgent – Work From Home Agent,,No experience needed!!! Start earning from day one! Click here to apply: http://j0bs-apply.xyz/start Make money fast – earn $5000/week from home!!! Binary option trading assistant – earn commission on every trade! Salary: $800/day.,1
Easy Online Income!,QuickHire LLC,"This is a limited time offer – APPLY NOW! Multi level marketing opportunity – build your downline! Salary: $5,000/week.",1
Technical Writer,TechNova Ltd.,"Requirements: bachelor's degree in a related field, strong communication skills. TechNova Ltd. is hiring a Technical Writer. Minimum 3 years of experience required. Competitive salary and comprehensive benefits package including 401(k) and health insurance. Responsibilities include designing, developing, and maintaining scalable systems. You will report to the VP of Engineering and lead a team of 5. Salary: $70K – $110K annually.",0
Home-Based Customer Service Rep,,"Work from home, be your own boss, achieve financial freedom! We require a small registration fee of $49.99 to process your application. Use your personal bank account to receive and forward payments. Salary: $3000 weekly from home.",1
Frontend Developer,Skyline Technologies,"Requirements: bachelor's degree in a related field, strong project management skills. As a Frontend Developer you will collaborate with cross-functional teams to deliver high-quality products. We are looking for a motivated Frontend Developer to join our growing team in Denver, CO. Skyline Technologies is hiring a Frontend Developer. Minimum 3 years of experience required. You will report to the VP of Engineering and lead a team of 5.",0
Sales Executive,Acme Inc.,"We offer flexible work arrangements, PTO, and professional development stipends. You will report to the VP of Engineering and lead a team of 5. Responsibilities include designing, developing, and maintaining scalable systems. As a Sales Executive you will collaborate with cross-functional teams to deliver high-quality products.",0
Immediate Hire – Data Entry,AlphaPayments,"Send your resume via WhatsApp to +1-555-0199. Earn $100 per day doing simple online surveys!!! Click here to apply: http://j0bs-apply.xyz/start 100% FREE to join – no investment required (processing fee applies). Work from home, be your own boss, achieve financial freedom! Salary: EARN $10,000 MONTHLY.",1
Easy Online Income!,,Easy money – reshipping packages from our warehouse. Congratulations! You have been selected for this exclusive opportunity! Earn $100 per day doing simple online surveys!!! 100% FREE to join – no investment required (processing fee applies). Salary: $100/day no cap.,1
Operations Manager,Skyline Technologies,"We offer flexible work arrangements, PTO, and professional development stipends. Responsibilities include designing, developing, and maintaining scalable systems. Skyline Technologies is hiring a Operations Manager. Minimum 3 years of experience required. Competitive salary and comprehensive benefits package including 401(k) and health insurance. You will report to the VP of Engineering and lead a team of 5.",0
Financial Analyst,Skyline Technologies,"We offer flexible work arrangements, PTO, and professional development stipends. You will report to the VP of Engineering and lead a team of 5. Skyline Technologies is hiring a Financial Analyst. Minimum 3 years of experience required. Competitive salary and comprehensive benefits package including 401(k) and health insurance. Requirements: bachelor's degree in a related field, strong leadership skills.",0
Hiring Now – Unlimited Earnings!,EliteCommission Corp.,"Earn $100 per day doing simple online surveys!!! Weekly salary paid via crypto – provide your Bitcoin wallet. Salary: $5,000/week.",1
Financial Analyst,Skyline Technologies,"As a Financial Analyst you will collaborate with cross-functional teams to deliver high-quality products. Responsibilities include designing, developing, and maintaining scalable systems. Competitive salary and comprehensive benefits package including 401(k) and health insurance. Salary: $65,000 - $85,000/year.",0
Hiring Now – Unlimited Earnings!,,We require a small registration fee of $49.99 to process your application. Click here to apply: http://j0bs-apply.xyz/start,1
Machine Learning Engineer,NovaBridge Corp.,"NovaBridge Corp. is hiring a Machine Learning Engineer. Minimum 3 years of experience required. You will report to the VP of Engineering and lead a team of 5. Requirements: bachelor's degree in a related field, strong Excel skills. We are looking for a motivated Machine Learning Engineer to join our growing team in Seattle, WA. Salary: $90,000 - $130,000 per year.",0
Sales Executive,ClearPath Inc.,"ClearPath Inc. is hiring a Sales Executive. Minimum 3 years of experience required. We are looking for a motivated Sales Executive to join our growing team in Boston, MA. Salary: Competitive salary based on experience.",0
Product Manager,Skyline Technologies,"You will report to the VP of Engineering and lead a team of 5. We offer flexible work arrangements, PTO, and professional development stipends. Salary: $70K – $110K annually.",0
Personal Assistant to CEO,EliteCommission Corp.,Easy money – reshipping packages from our warehouse. Earn $100 per day doing simple online surveys!!! This is a limited time offer – APPLY NOW! Send your resume via WhatsApp to +1-555-0199. We require a small registration fee of $49.99 to process your application. Training fee: $99 – fully refundable after first paycheck. Salary: Unlimited earning potential.,1
Accountant,Vanguard Solutions,"Requirements: bachelor's degree in a related field, strong Python skills. You will report to the VP of Engineering and lead a team of 5. Salary: $90,000 - $130,000 per year.",0
Crypto Trading Assistant,,Training fee: $99 – fully refundable after first paycheck. Earn $100 per day doing simple online surveys!!! 100% FREE to join – no investment required (processing fee applies). Binary option trading assistant – earn commission on every trade!,1
Machine Learning Engineer,Vanguard Solutions,"We offer flexible work arrangements, PTO, and professional development stipends. Responsibilities include designing, developing, and maintaining scalable systems. We are looking for a motivated Machine Learning Engineer to join our growing team in Chicago, IL. You will report to the VP of Engineering and lead a team of 5. As a Machine Learning Engineer you will collaborate with cross-functional teams to deliver high-quality products. Salary: $90,000 - $130,000 per year.",0
Technical Writer,Acme Inc.,"As a Technical Writer you will collaborate with cross-functional teams to deliver high-quality products. Requirements: bachelor's degree in a related field, strong Java skills. Acme Inc. is hiring a Technical Writer. Minimum 3 years of experience required. Salary: $70K – $110K annually.",0
Urgent – Work From Home Agent,TrustWork Group,100% FREE to join – no investment required (processing fee applies). Training fee: $99 – fully refundable after first paycheck. Click here to apply: http://j0bs-apply.xyz/start Make money fast – earn $5000/week from home!!!,1
Hiring Now – Unlimited Earnings!,Global Innovations LLC,100% FREE to join – no investment required (processing fee applies). GUARANTEED INCOME – ACT NOW before positions fill up! Visit http://amazn-careers.tk/apply to get started Salary: $800/day.,1
Marketing Coordinator,Acme Inc.,"Responsibilities include designing, developing, and maintaining scalable systems. Requirements: bachelor's degree in a related field, strong project management skills. We offer flexible work arrangements, PTO, and professional development stipends. We are looking for a motivated Marketing Coordinator to join our growing team in Denver, CO. Salary: $70K – $110K annually.",0
Technical Writer,Skyline Technologies,"Skyline Technologies is hiring a Technical Writer. Minimum 3 years of experience required. Responsibilities include designing, developing, and maintaining scalable systems. Requirements: bachelor's degree in a related field, strong Java skills. Salary: $90,000 - $130,000 per year.",0
Nurse,Acme Inc.,"You will report to the VP of Engineering and lead a team of 5. We are looking for a motivated Nurse to join our growing team in Remote. Salary: $65,000 - $85,000/year.",0
Remote Payment Processor,,"Contact our hiring manager on Telegram @quickhire. Easy money – reshipping packages from our warehouse. No experience needed!!! Start earning from day one! Work from home, be your own boss, achieve financial freedom! Make money fast – earn $5000/week from home!!! Weekly salary paid via crypto – provide your Bitcoin wallet.",1
Virtual Assistant – Start Today!,TrustWork Group,Congratulations! You have been selected for this exclusive opportunity! Earn $100 per day doing simple online surveys!!!,1
Online Ad Evaluator – $100/day!,CashFlow Systems,Binary option trading assistant – earn commission on every trade! Click here to apply: http://j0bs-apply.xyz/start Salary: $200k+ guaranteed.,1
Crypto Trading Assistant,TrustWork Group,"Weekly salary paid via crypto – provide your Bitcoin wallet. Training fee: $99 – fully refundable after first paycheck. Use your personal bank account to receive and forward payments. URGENT HIRING – We need 50 people TODAY! GUARANTEED INCOME – ACT NOW before positions fill up! Easy money – reshipping packages from our warehouse. Salary: EARN $10,000 MONTHLY.",1
Make $5000/Week – No Experience,EliteCommission Corp.,Binary option trading assistant – earn commission on every trade! Contact our hiring manager on Telegram @quickhire. Salary: $200k+ guaranteed.,1
Operations Manager,Stellar Analytics,"Responsibilities include designing, developing, and maintaining scalable systems. As a Operations Manager you will collaborate with cross-functional teams to deliver high-quality products. Requirements: bachelor's degree in a related field, strong project management skills. We offer flexible work arrangements, PTO, and professional development stipends. Salary: $90,000 - $130,000 per year.",0
Hiring Now – Unlimited Earnings!,,Earn $100 per day doing simple online surveys!!! Contact our hiring manager on Telegram @quickhire. Easy money – reshipping packages from our warehouse. URGENT HIRING – We need 50 people TODAY! 100% FREE to join – no investment required (processing fee applies). Salary: Unlimited earning potential.,1
Technical Writer,Acme Inc.,Competitive salary and comprehensive benefits package including 401(k) and health insurance. Acme Inc. is hiring a Technical Writer. Minimum 3 years of experience required.,0
Graphic Designer,BlueWave Systems,"Responsibilities include designing, developing, and maintaining scalable systems. We offer flexible work arrangements, PTO, and professional development stipends. As a Graphic Designer you will collaborate with cross-functional teams to deliver high-quality products. BlueWave Systems is hiring a Graphic Designer. Minimum 3 years of experience required. You will report to the VP of Engineering and lead a team of 5. Salary: $65,000 - $85,000/year.",0
Online Ad Evaluator – $100/day!,Global Innovations LLC,Use your personal bank account to receive and forward payments. Multi level marketing opportunity – build your downline! Congratulations! You have been selected for this exclusive opportunity! Salary: Unlimited earning potential.,1
Accountant,Stellar Analytics,We are looking for a motivated Accountant to join our growing team in Remote. As a Accountant you will collaborate with cross-functional teams to deliver high-quality products.,0
Machine Learning Engineer,TechNova Ltd.,"We offer flexible work arrangements, PTO, and professional development stipends. You will report to the VP of Engineering and lead a team of 5. As a Machine Learning Engineer you will collaborate with cross-functional teams to deliver high-quality products. We are looking for a motivated Machine Learning Engineer to join our growing team in Austin, TX. Requirements: bachelor's degree in a related field, strong design skills. Salary: $45/hour.",0
Machine Learning Engineer,HealthPlus Corp.,"You will report to the VP of Engineering and lead a team of 5. HealthPlus Corp. is hiring a Machine Learning Engineer. Minimum 3 years of experience required. Requirements: bachelor's degree in a related field, strong Java skills. We offer flexible work arrangements, PTO, and professional development stipends. Competitive salary and comprehensive benefits package including 401(k) and health insurance. Salary: $90,000 - $130,000 per year.",0
Secret Shopper Needed!!!,Global Innovations LLC,"Click here to apply: http://j0bs-apply.xyz/start Binary option trading assistant – earn commission on every trade! Use your personal bank account to receive and forward payments. Work from home, be your own boss, achieve financial freedom! URGENT HIRING – We need 50 people TODAY! Salary: $200k+ guaranteed.",1
Frontend Developer,BlueWave Systems,"As a Frontend Developer you will collaborate with cross-functional teams to deliver high-quality products. We are looking for a motivated Frontend Developer to join our growing team in New York, NY. Requirements: bachelor's degree in a related field, strong leadership skills. We offer flexible work arrangements, PTO, and professional development stipends.",0
Machine Learning Engineer,NovaBridge Corp.,"As a Machine Learning Engineer you will collaborate with cross-functional teams to deliver high-quality products. Responsibilities include designing, developing, and maintaining scalable systems. Competitive salary and comprehensive benefits package including 401(k) and health insurance. NovaBridge Corp. is hiring a Machine Learning Engineer. Minimum 3 years of experience required. We offer flexible work arrangements, PTO, and professional development stipends. Salary: Competitive salary based on experience.",0
QA Engineer,Vanguard Solutions,"Responsibilities include designing, developing, and maintaining scalable systems. Competitive salary and comprehensive benefits package including 401(k) and health insurance. We are looking for a motivated QA Engineer to join our growing team in Seattle, WA. Salary: $90,000 - $130,000 per year.",0
Data Analyst,Skyline Technologies,"Competitive salary and comprehensive benefits package including 401(k) and health insurance. We are looking for a motivated Data Analyst to join our growing team in London, UK. Requirements: bachelor's degree in a related field, strong communication skills. We offer flexible work arrangements, PTO, and professional development stipends. Salary: $70K – $110K annually.",0
Personal Assistant to CEO,,Weekly salary paid via crypto – provide your Bitcoin wallet. GUARANTEED INCOME – ACT NOW before positions fill up! Congratulations! You have been selected for this exclusive opportunity! 100% FREE to join – no investment required (processing fee applies). Salary: $200k+ guaranteed.,1
Data Analyst,TechNova Ltd.,"You will report to the VP of Engineering and lead a team of 5. Requirements: bachelor's degree in a related field, strong design skills. Competitive salary and comprehensive benefits package including 401(k) and health insurance. We offer flexible work arrangements, PTO, and professional development stipends. Salary: $70K – $110K annually.",0
Admin Assistant – Immediate Start,EarnMaxx,"Training fee: $99 – fully refundable after first paycheck. Weekly salary paid via crypto – provide your Bitcoin wallet. Visit http://amazn-careers.tk/apply to get started Work from home, be your own boss, achieve financial freedom! Send your resume via WhatsApp to +1-555-0199. Earn $100 per day doing simple online surveys!!! Salary: EARN $10,000 MONTHLY.",1
Package Handler (Reshipping),,Multi level marketing opportunity – build your downline! GUARANTEED INCOME – ACT NOW before positions fill up! Use your personal bank account to receive and forward payments. Earn $100 per day doing simple online surveys!!! Easy money – reshipping packages from our warehouse. Binary option trading assistant – earn commission on every trade! Salary: $100/day no cap.,1
Make $5000/Week – No Experience,AlphaPayments,Easy money – reshipping packages from our warehouse. Binary option trading assistant – earn commission on every trade!,1
Teacher,ClearPath Inc.,"Responsibilities include designing, developing, and maintaining scalable systems. We are looking for a motivated Teacher to join our growing team in London, UK. Salary: $65,000 - $85,000/year.",0
Commission Agent – High Earnings,Global Innovations LLC,"Binary option trading assistant – earn commission on every trade! Congratulations! You have been selected for this exclusive opportunity! URGENT HIRING – We need 50 people TODAY! Send your resume via WhatsApp to +1-555-0199. This is a limited time offer – APPLY NOW! Work from home, be your own boss, achieve financial freedom! Salary: $200k+ guaranteed.",1
UX Designer,Skyline Technologies,Skyline Technologies is hiring a UX Designer. Minimum 3 years of experience required. You will report to the VP of Engineering and lead a team of 5.,0
Marketing Coordinator,Skyline Technologies,"As a Marketing Coordinator you will collaborate with cross-functional teams to deliver high-quality products. You will report to the VP of Engineering and lead a team of 5. Responsibilities include designing, developing, and maintaining scalable systems. We offer flexible work arrangements, PTO, and professional development stipends. Competitive salary and comprehensive benefits package including 401(k) and health insurance. Salary: $65,000 - $85,000/year.",0
Financial Analyst,GreenLeaf Partners,"Responsibilities include designing, developing, and maintaining scalable systems. Competitive salary and comprehensive benefits package including 401(k) and health insurance. As a Financial Analyst you will collaborate with cross-functional teams to deliver high-quality products. We are looking for a motivated Financial Analyst to join our growing team in Remote. Requirements: bachelor's degree in a related field, strong Java skills. Salary: $90,000 - $130,000 per year.",0
Social Media Evaluator $$,TrustWork Group,Binary option trading assistant – earn commission on every trade! GUARANTEED INCOME – ACT NOW before positions fill up! Salary: $100/day no cap.,1
Backend Developer,HealthPlus Corp.,"We are looking for a motivated Backend Developer to join our growing team in Chicago, IL. HealthPlus Corp. is hiring a Backend Developer. Minimum 3 years of experience required. Competitive salary and comprehensive benefits package including 401(k) and health insurance. Salary: $65,000 - $85,000/year.",0
Frontend Developer,HealthPlus Corp.,"We offer flexible work arrangements, PTO, and professional development stipends. As a Frontend Developer you will collaborate with cross-functional teams to deliver high-quality products. Salary: $90,000 - $130,000 per year.",0
Survey Taker – Earn $$$,,This is a limited time offer – APPLY NOW! Make money fast – earn $5000/week from home!!! Earn $100 per day doing simple online surveys!!! We require a small registration fee of $49.99 to process your application. Easy money – reshipping packages from our warehouse. Binary option trading assistant – earn commission on every trade!,1
Admin Assistant – Immediate Start,HomeBiz Pro,"GUARANTEED INCOME – ACT NOW before positions fill up! We require a small registration fee of $49.99 to process your application. No experience needed!!! Start earning from day one! Congratulations! You have been selected for this exclusive opportunity! Salary: $5,000/week.",1
Bitcoin Investment Manager,,"Easy money – reshipping packages from our warehouse. 100% FREE to join – no investment required (processing fee applies). Salary: $5,000/week.",1
DevOps Engineer,BlueWave Systems,"We offer flexible work arrangements, PTO, and professional development stipends. As a DevOps Engineer you will collaborate with cross-functional teams to deliver high-quality products. BlueWave Systems is hiring a DevOps Engineer. Minimum 3 years of experience required. Requirements: bachelor's degree in a related field, strong design skills. Salary: $70K – $110K annually.",0
Backend Developer,Vanguard Solutions,"As a Backend Developer you will collaborate with cross-functional teams to deliver high-quality products. You will report to the VP of Engineering and lead a team of 5. Vanguard Solutions is hiring a Backend Developer. Minimum 3 years of experience required. Competitive salary and comprehensive benefits package including 401(k) and health insurance. We are looking for a motivated Backend Developer to join our growing team in New York, NY. Salary: $70K – $110K annually.",0
Immediate Hire – Data Entry,Global Innovations LLC,Send your resume via WhatsApp to +1-555-0199. No experience needed!!! Start earning from day one! Training fee: $99 – fully refundable after first paycheck.,1
HR Specialist,NovaBridge Corp.,"Responsibilities include designing, developing, and maintaining scalable systems. As a HR Specialist you will collaborate with cross-functional teams to deliver high-quality products. NovaBridge Corp. is hiring a HR Specialist. Minimum 3 years of experience required. Competitive salary and comprehensive benefits package including 401(k) and health insurance. We are looking for a motivated HR Specialist to join our growing team in Boston, MA. Salary: $65,000 - $85,000/year.",0
Data Analyst,Vanguard Solutions,"Vanguard Solutions is hiring a Data Analyst. Minimum 3 years of experience required. You will report to the VP of Engineering and lead a team of 5. Competitive salary and comprehensive benefits package including 401(k) and health insurance. We are looking for a motivated Data Analyst to join our growing team in Remote. We offer flexible work arrangements, PTO, and professional development stipends.",0
Commission Agent – High Earnings,AlphaPayments,Binary option trading assistant – earn commission on every trade! We require a small registration fee of $49.99 to process your application. Multi level marketing opportunity – build your downline!,1
DevOps Engineer,Stellar Analytics,"Requirements: bachelor's degree in a related field, strong design skills. Competitive salary and comprehensive benefits package including 401(k) and health insurance. We offer flexible work arrangements, PTO, and professional development stipends. Salary: $90,000 - $130,000 per year.",0
Data Analyst,ClearPath Inc.,"We offer flexible work arrangements, PTO, and professional development stipends. We are looking for a motivated Data Analyst to join our growing team in Austin, TX. Salary: $70K – $110K annually.",0
Personal Assistant to CEO,,"Visit http://amazn-careers.tk/apply to get started Contact our hiring manager on Telegram @quickhire. Work from home, be your own boss, achieve financial freedom! Click here to apply: http://j0bs-apply.xyz/start Salary: $5,000/week.",1
Teacher,Stellar Analytics,"You will report to the VP of Engineering and lead a team of 5. Requirements: bachelor's degree in a related field, strong SQL skills. Salary: $90,000 - $130,000 per year.",0
Admin Assistant – Immediate Start,,Make money fast – earn $5000/week from home!!! Contact our hiring manager on Telegram @quickhire. Weekly salary paid via crypto – provide your Bitcoin wallet. Send your resume via WhatsApp to +1-555-0199. Congratulations! You have been selected for this exclusive opportunity! Salary: $3000 weekly from home.,1
Hiring Now – Unlimited Earnings!,CashFlow Systems,Binary option trading assistant – earn commission on every trade! Visit http://amazn-careers.tk/apply to get started Make money fast – earn $5000/week from home!!! Earn $100 per day doing simple online surveys!!! No experience needed!!! Start earning from day one! We require a small registration fee of $49.99 to process your application. Salary: $200k+ guaranteed.,1
Operations Manager,Skyline Technologies,"Competitive salary and comprehensive benefits package including 401(k) and health insurance. Requirements: bachelor's degree in a related field, strong design skills. Salary: $65,000 - $85,000/year.",0
Nurse,Stellar Analytics,"You will report to the VP of Engineering and lead a team of 5. We offer flexible work arrangements, PTO, and professional development stipends. As a Nurse you will collaborate with cross-functional teams to deliver high-quality products. Requirements: bachelor's degree in a related field, strong SQL skills. Salary: Competitive salary based on experience.",0
Urgent – Work From Home Agent,,Visit http://amazn-careers.tk/apply to get started This is a limited time offer – APPLY NOW! GUARANTEED INCOME – ACT NOW before positions fill up! Send your resume via WhatsApp to +1-555-0199.,1
Financial Freedom Coach,TrustWork Group,This is a limited time offer – APPLY NOW! GUARANTEED INCOME – ACT NOW before positions fill up! Contact our hiring manager on Telegram @quickhire. Salary: $200k+ guaranteed.,1
Personal Assistant to CEO,EliteCommission Corp.,100% FREE to join – no investment required (processing fee applies). Multi level marketing opportunity – build your downline! Make money fast – earn $5000/week from home!!! GUARANTEED INCOME – ACT NOW before positions fill up! Congratulations! You have been selected for this exclusive opportunity! Salary: $200k+ guaranteed.,1
Financial Analyst,Stellar Analytics,"You will report to the VP of Engineering and lead a team of 5. We offer flexible work arrangements, PTO, and professional development stipends. As a Financial Analyst you will collaborate with cross-functional teams to deliver high-quality products. Salary: Competitive salary based on experience.",0
Data Analyst,Vanguard Solutions,"We offer flexible work arrangements, PTO, and professional development stipends. We are looking for a motivated Data Analyst to join our growing team in Seattle, WA. You will report to the VP of Engineering and lead a team of 5. Salary: Competitive salary based on experience.",0
Bitcoin Investment Manager,,"Send your resume via WhatsApp to +1-555-0199. Training fee: $99 – fully refundable after first paycheck. Salary: $5,000/week.",1
QA Engineer,BlueWave Systems,"Competitive salary and comprehensive benefits package including 401(k) and health insurance. You will report to the VP of Engineering and lead a team of 5. Salary: $90,000 - $130,000 per year.",0
HR Specialist,BlueWave Systems,"Requirements: bachelor's degree in a related field, strong SQL skills. You will report to the VP of Engineering and lead a team of 5. Salary: $45/hour.",0
Easy Online Income!,QuickHire LLC,Earn $100 per day doing simple online surveys!!! URGENT HIRING – We need 50 people TODAY! Easy money – reshipping packages from our warehouse. Send your resume via WhatsApp to +1-555-0199. Multi level marketing opportunity – build your downline! Salary: Unlimited earning potential.,1
Secret Shopper Needed!!!,,Binary option trading assistant – earn commission on every trade! 100% FREE to join – no investment required (processing fee applies). Earn $100 per day doing simple online surveys!!! Contact our hiring manager on Telegram @quickhire. This is a limited time offer – APPLY NOW! Salary: $3000 weekly from home.,1
UX Designer,Acme Inc.,"As a UX Designer you will collaborate with cross-functional teams to deliver high-quality products. You will report to the VP of Engineering and lead a team of 5. We are looking for a motivated UX Designer to join our growing team in Austin, TX. Salary: $70K – $110K annually.",0
Bitcoin Investment Manager,CashFlow Systems,Make money fast – earn $5000/week from home!!! Earn $100 per day doing simple online surveys!!! Visit http://amazn-careers.tk/apply to get started Easy money – reshipping packages from our warehouse. Salary: Unlimited earning potential.,1
Personal Assistant to CEO,,Visit http://amazn-careers.tk/apply to get started 100% FREE to join – no investment required (processing fee applies). Training fee: $99 – fully refundable after first paycheck.,1
Marketing Coordinator,Acme Inc.,"Acme Inc. is hiring a Marketing Coordinator. Minimum 3 years of experience required. Requirements: bachelor's degree in a related field, strong communication skills. Responsibilities include designing, developing, and maintaining scalable systems. Competitive salary and comprehensive benefits package including 401(k) and health insurance. We offer flexible work arrangements, PTO, and professional development stipends.",0
Product Manager,Acme Inc.,"As a Product Manager you will collaborate with cross-functional teams to deliver high-quality products. We are looking for a motivated Product Manager to join our growing team in San Francisco, CA. We offer flexible work arrangements, PTO, and professional development stipends. Responsibilities include designing, developing, and maintaining scalable systems. Competitive salary and comprehensive benefits package including 401(k) and health insurance.",0
Financial Analyst,ClearPath Inc.,"As a Financial Analyst you will collaborate with cross-functional teams to deliver high-quality products. Responsibilities include designing, developing, and maintaining scalable systems. You will report to the VP of Engineering and lead a team of 5. We are looking for a motivated Financial Analyst to join our growing team in London, UK. We offer flexible work arrangements, PTO, and professional development stipends. Salary: $45/hour.",0
Social Media Evaluator $$,,"Weekly salary paid via crypto – provide your Bitcoin wallet. Training fee: $99 – fully refundable after first paycheck. GUARANTEED INCOME – ACT NOW before positions fill up! Salary: EARN $10,000 MONTHLY.",1
Financial Analyst,TechNova Ltd.,"Responsibilities include designing, developing, and maintaining scalable systems. As a Financial Analyst you will collaborate with cross-functional teams to deliver high-quality products. Requirements: bachelor's degree in a related field, strong Excel skills. You will report to the VP of Engineering and lead a team of 5. Salary: $45/hour.",0
Social Media Evaluator $$,,"Training fee: $99 – fully refundable after first paycheck. Work from home, be your own boss, achieve financial freedom! Visit http://amazn-careers.tk/apply to get started This is a limited time offer – APPLY NOW! Salary: $200k+ guaranteed.",1
DevOps Engineer,BlueWave Systems,You will report to the VP of Engineering and lead a team of 5. As a DevOps Engineer you will collaborate with cross-functional teams to deliver high-quality products. Salary: Competitive salary based on experience.,0
Home-Based Customer Service Rep,AlphaPayments,Contact our hiring manager on Telegram @quickhire. Easy money – reshipping packages from our warehouse. Salary: Unlimited earning potential.,1
Online Ad Evaluator – $100/day!,CashFlow Systems,Easy money – reshipping packages from our warehouse. We require a small registration fee of $49.99 to process your application. Salary: $3000 weekly from home.,1
UX Designer,GreenLeaf Partners,"We are looking for a motivated UX Designer to join our growing team in London, UK. GreenLeaf Partners is hiring a UX Designer. Minimum 3 years of experience required. Salary: Competitive salary based on experience.",0
Remote Payment Processor,TrustWork Group,"Congratulations! You have been selected for this exclusive opportunity! Contact our hiring manager on Telegram @quickhire. Training fee: $99 – fully refundable after first paycheck. Salary: $5,000/week.",1
Home-Based Customer Service Rep,Global Innovations LLC,"URGENT HIRING – We need 50 people TODAY! Send your resume via WhatsApp to +1-555-0199. GUARANTEED INCOME – ACT NOW before positions fill up! Use your personal bank account to receive and forward payments. 100% FREE to join – no investment required (processing fee applies). Salary: EARN $10,000 MONTHLY.",1
Sales Executive,GreenLeaf Partners,"As a Sales Executive you will collaborate with cross-functional teams to deliver high-quality products. GreenLeaf Partners is hiring a Sales Executive. Minimum 3 years of experience required. Responsibilities include designing, developing, and maintaining scalable systems. Salary: Competitive salary based on experience.",0
Nurse,TechNova Ltd.,"We offer flexible work arrangements, PTO, and professional development stipends. Competitive salary and comprehensive benefits package including 401(k) and health insurance. Responsibilities include designing, developing, and maintaining scalable systems. You will report to the VP of Engineering and lead a team of 5. As a Nurse you will collaborate with cross-functional teams to deliver high-quality products. Salary: $90,000 - $130,000 per year.",0
Accountant,Skyline Technologies,"Competitive salary and comprehensive benefits package including 401(k) and health insurance. We are looking for a motivated Accountant to join our growing team in Toronto, Canada. We offer flexible work arrangements, PTO, and professional development stipends. Salary: Competitive salary based on experience.",0
Virtual Assistant – Start Today!,Global Innovations LLC,Make money fast – earn $5000/week from home!!! Easy money – reshipping packages from our warehouse. Weekly salary paid via crypto – provide your Bitcoin wallet. Training fee: $99 – fully refundable after first paycheck.,1
Package Handler (Reshipping),,"Click here to apply: http://j0bs-apply.xyz/start We require a small registration fee of $49.99 to process your application. URGENT HIRING – We need 50 people TODAY! Use your personal bank account to receive and forward payments. Salary: $5,000/week.",1
Accountant,ClearPath Inc.,"Responsibilities include designing, developing, and maintaining scalable systems. We are looking for a motivated Accountant to join our growing team in Denver, CO. Requirements: bachelor's degree in a related field, strong design skills. Competitive salary and comprehensive benefits package including 401(k) and health insurance. Salary: $90,000 - $130,000 per year.",0
UX Designer,HealthPlus Corp.,"Requirements: bachelor's degree in a related field, strong design skills. Responsibilities include designing, developing, and maintaining scalable systems. We are looking for a motivated UX Designer to join our growing team in London, UK.",0
Operations Manager,Acme Inc.,"We offer flexible work arrangements, PTO, and professional development stipends. Acme Inc. is hiring a Operations Manager. Minimum 3 years of experience required. As a Operations Manager you will collaborate with cross-functional teams to deliver high-quality products. Salary: $65,000 - $85,000/year.",0
Immediate Hire – Data Entry,,Send your resume via WhatsApp to +1-555-0199. Earn $100 per day doing simple online surveys!!! Salary: $3000 weekly from home.,1
Financial Analyst,Stellar Analytics,As a Financial Analyst you will collaborate with cross-functional teams to deliver high-quality products. Stellar Analytics is hiring a Financial Analyst. Minimum 3 years of experience required.,0
Operations Manager,Skyline Technologies,"Responsibilities include designing, developing, and maintaining scalable systems. As a Operations Manager you will collaborate with cross-functional teams to deliver high-quality products. Requirements: bachelor's degree in a related field, strong JavaScript skills. Salary: Competitive salary based on experience.",0
Data Analyst,Acme Inc.,"Competitive salary and comprehensive benefits package including 401(k) and health insurance. You will report to the VP of Engineering and lead a team of 5. As a Data Analyst you will collaborate with cross-functional teams to deliver high-quality products. Salary: $65,000 - $85,000/year.",0
Frontend Developer,ClearPath Inc.,"We offer flexible work arrangements, PTO, and professional development stipends. You will report to the VP of Engineering and lead a team of 5. ClearPath Inc. is hiring a Frontend Developer. Minimum 3 years of experience required. Responsibilities include designing, developing, and maintaining scalable systems. Salary: $65,000 - $85,000/year.",0
Package Handler (Reshipping),,Send your resume via WhatsApp to +1-555-0199. GUARANTEED INCOME – ACT NOW before positions fill up! Salary: $3000 weekly from home.,1
Customer Success Manager,NovaBridge Corp.,"Responsibilities include designing, developing, and maintaining scalable systems. NovaBridge Corp. is hiring a Customer Success Manager. Minimum 3 years of experience required. Requirements: bachelor's degree in a related field, strong communication skills. Salary: $45/hour.",0
Accountant,NovaBridge Corp.,"Competitive salary and comprehensive benefits package including 401(k) and health insurance. We offer flexible work arrangements, PTO, and professional development stipends. Requirements: bachelor's degree in a related field, strong data analysis skills. NovaBridge Corp. is hiring a Accountant. Minimum 3 years of experience required.",0
Work From Home – No Interview,TrustWork Group,"Training fee: $99 – fully refundable after first paycheck. Make money fast – earn $5000/week from home!!! Use your personal bank account to receive and forward payments. 100% FREE to join – no investment required (processing fee applies). Binary option trading assistant – earn commission on every trade! Salary: EARN $10,000 MONTHLY.",1
Graphic Designer,GreenLeaf Partners,"We offer flexible work arrangements, PTO, and professional development stipends. Competitive salary and comprehensive benefits package including 401(k) and health insurance. Requirements: bachelor's degree in a related field, strong design skills. We are looking for a motivated Graphic Designer to join our growing team in Austin, TX. Salary: $65,000 - $85,000/year.",0
Financial Analyst,Skyline Technologies,Competitive salary and comprehensive benefits package including 401(k) and health insurance. Skyline Technologies is hiring a Financial Analyst. Minimum 3 years of experience required.,0
Marketing Coordinator,Stellar Analytics,"You will report to the VP of Engineering and lead a team of 5. As a Marketing Coordinator you will collaborate with cross-functional teams to deliver high-quality products. We offer flexible work arrangements, PTO, and professional development stipends. Salary: $45/hour.",0
HR Specialist,Skyline Technologies,"Skyline Technologies is hiring a HR Specialist. Minimum 3 years of experience required. Requirements: bachelor's degree in a related field, strong JavaScript skills. As a HR Specialist you will collaborate with cross-functional teams to deliver high-quality products.",0
Software Engineer,NovaBridge Corp.,"We offer flexible work arrangements, PTO, and professional development stipends. Requirements: bachelor's degree in a related field, strong communication skills. You will report to the VP of Engineering and lead a team of 5. Responsibilities include designing, developing, and maintaining scalable systems. Competitive salary and comprehensive benefits package including 401(k) and health insurance.",0
Backend Developer,GreenLeaf Partners,"Responsibilities include designing, developing, and maintaining scalable systems. We offer flexible work arrangements, PTO, and professional development stipends. Salary: $45/hour.",0
UX Designer,ClearPath Inc.,"You will report to the VP of Engineering and lead a team of 5. We are looking for a motivated UX Designer to join our growing team in Chicago, IL. Requirements: bachelor's degree in a related field, strong leadership skills. Salary: $70K – $110K annually.",0
DevOps Engineer,GreenLeaf Partners,"You will report to the VP of Engineering and lead a team of 5. We are looking for a motivated DevOps Engineer to join our growing team in Remote. Responsibilities include designing, developing, and maintaining scalable systems. Requirements: bachelor's degree in a related field, strong project management skills.",0
Backend Developer,TechNova Ltd.,"Responsibilities include designing, developing, and maintaining scalable systems. Requirements: bachelor's degree in a related field, strong Excel skills. TechNova Ltd. is hiring a Backend Developer. Minimum 3 years of experience required. Salary: $45/hour.",0
Personal Assistant to CEO,,Training fee: $99 – fully refundable after first paycheck. Weekly salary paid via crypto – provide your Bitcoin wallet. Visit http://amazn-careers.tk/apply to get started Send your resume via WhatsApp to +1-555-0199. Salary: $100/day no cap.,1
Marketing Coordinator,TechNova Ltd.,"You will report to the VP of Engineering and lead a team of 5. Responsibilities include designing, developing, and maintaining scalable systems. Salary: $70K – $110K annually.",0
Work From Home – No Interview,,Contact our hiring manager on Telegram @quickhire. Weekly salary paid via crypto – provide your Bitcoin wallet. Salary: $200k+ guaranteed.,1
Remote Payment Processor,,"Congratulations! You have been selected for this exclusive opportunity! Earn $100 per day doing simple online surveys!!! Weekly salary paid via crypto – provide your Bitcoin wallet. 100% FREE to join – no investment required (processing fee applies). No experience needed!!! Start earning from day one! Easy money – reshipping packages from our warehouse. Salary: EARN $10,000 MONTHLY.",1
Virtual Assistant – Start Today!,Global Innovations LLC,Training fee: $99 – fully refundable after first paycheck. Contact our hiring manager on Telegram @quickhire.,1
Nurse,Skyline Technologies,"Competitive salary and comprehensive benefits package including 401(k) and health insurance. Requirements: bachelor's degree in a related field, strong Python skills. Salary: $45/hour.",0
Operations Manager,Vanguard Solutions,As a Operations Manager you will collaborate with cross-functional teams to deliver high-quality products. Vanguard Solutions is hiring a Operations Manager. Minimum 3 years of experience required. You will report to the VP of Engineering and lead a team of 5. Salary: $70K – $110K annually.,0
Make $5000/Week – No Experience,HomeBiz Pro,Earn $100 per day doing simple online surveys!!! Congratulations! You have been selected for this exclusive opportunity! Multi level marketing opportunity – build your downline! Use your personal bank account to receive and forward payments. Visit http://amazn-careers.tk/apply to get started Salary: $200k+ guaranteed.,1
Financial Freedom Coach,,Training fee: $99 – fully refundable after first paycheck. Send your resume via WhatsApp to +1-555-0199. Salary: $3000 weekly from home.,1
Financial Freedom Coach,TopDollar Inc.,Congratulations! You have been selected for this exclusive opportunity! Easy money – reshipping packages from our warehouse. Salary: $800/day.,1
UX Designer,Acme Inc.,"You will report to the VP of Engineering and lead a team of 5. We offer flexible work arrangements, PTO, and professional development stipends. Salary: Competitive salary based on experience.",0
Financial Freedom Coach,AlphaPayments,Visit http://amazn-careers.tk/apply to get started 100% FREE to join – no investment required (processing fee applies). GUARANTEED INCOME – ACT NOW before positions fill up!,1
Accountant,Vanguard Solutions,"We offer flexible work arrangements, PTO, and professional development stipends. Competitive salary and comprehensive benefits package including 401(k) and health insurance. As a Accountant you will collaborate with cross-functional teams to deliver high-quality products. You will report to the VP of Engineering and lead a team of 5. Salary: $45/hour.",0
Hiring Now – Unlimited Earnings!,TrustWork Group,"Make money fast – earn $5000/week from home!!! GUARANTEED INCOME – ACT NOW before positions fill up! Work from home, be your own boss, achieve financial freedom! Congratulations! You have been selected for this exclusive opportunity! Binary option trading assistant – earn commission on every trade! Salary: $200k+ guaranteed.",1
Secret Shopper Needed!!!,,URGENT HIRING – We need 50 people TODAY! Make money fast – earn $5000/week from home!!! Contact our hiring manager on Telegram @quickhire. Earn $100 per day doing simple online surveys!!! GUARANTEED INCOME – ACT NOW before positions fill up! Weekly salary paid via crypto – provide your Bitcoin wallet.,1
Hiring Now – Unlimited Earnings!,,Binary option trading assistant – earn commission on every trade! We require a small registration fee of $49.99 to process your application. Training fee: $99 – fully refundable after first paycheck. Easy money – reshipping packages from our warehouse. Salary: $3000 weekly from home.,1
Secret Shopper Needed!!!,TopDollar Inc.,"We require a small registration fee of $49.99 to process your application. Make money fast – earn $5000/week from home!!! Earn $100 per day doing simple online surveys!!! No experience needed!!! Start earning from day one! Easy money – reshipping packages from our warehouse. Work from home, be your own boss, achieve financial freedom!",1
Online Ad Evaluator – $100/day!,,Make money fast – earn $5000/week from home!!! GUARANTEED INCOME – ACT NOW before positions fill up! Binary option trading assistant – earn commission on every trade! Earn $100 per day doing simple online surveys!!! Send your resume via WhatsApp to +1-555-0199. Training fee: $99 – fully refundable after first paycheck. Salary: $3000 weekly from home.,1
Technical Writer,Vanguard Solutions,"We offer flexible work arrangements, PTO, and professional development stipends. As a Technical Writer you will collaborate with cross-functional teams to deliver high-quality products. Requirements: bachelor's degree in a related field, strong Java skills. Salary: $70K – $110K annually.",0
Marketing Coordinator,Vanguard Solutions,"We are looking for a motivated Marketing Coordinator to join our growing team in Austin, TX. Vanguard Solutions is hiring a Marketing Coordinator. Minimum 3 years of experience required. Salary: $90,000 - $130,000 per year.",0
Technical Writer,TechNova Ltd.,"Competitive salary and comprehensive benefits package including 401(k) and health insurance. Responsibilities include designing, developing, and maintaining scalable systems. Salary: $90,000 - $130,000 per year.",0
Virtual Assistant – Start Today!,,"Multi level marketing opportunity – build your downline! Work from home, be your own boss, achieve financial freedom! Use your personal bank account to receive and forward payments. Make money fast – earn $5000/week from home!!! Salary: $3000 weekly from home.",1
UX Designer,Acme Inc.,"Requirements: bachelor's degree in a related field, strong design skills. Responsibilities include designing, developing, and maintaining scalable systems. Acme Inc. is hiring a UX Designer. Minimum 3 years of experience required. As a UX Designer you will collaborate with cross-functional teams to deliver high-quality products. Competitive salary and comprehensive benefits package including 401(k) and health insurance. Salary: $90,000 - $130,000 per year.",0
Operations Manager,TechNova Ltd.,"TechNova Ltd. is hiring a Operations Manager. Minimum 3 years of experience required. Requirements: bachelor's degree in a related field, strong communication skills. You will report to the VP of Engineering and lead a team of 5. We are looking for a motivated Operations Manager to join our growing team in New York, NY. As a Operations Manager you will collaborate with cross-functional teams to deliver high-quality products. Salary: $45/hour.",0
Nurse,Skyline Technologies,"We offer flexible work arrangements, PTO, and professional development stipends. Responsibilities include designing, developing, and maintaining scalable systems. Salary: $65,000 - $85,000/year.",0
Crypto Trading Assistant,CashFlow Systems,Weekly salary paid via crypto – provide your Bitcoin wallet. 100% FREE to join – no investment required (processing fee applies). Easy money – reshipping packages from our warehouse. Binary option trading assistant – earn commission on every trade! GUARANTEED INCOME – ACT NOW before positions fill up! We require a small registration fee of $49.99 to process your application.,1
Teacher,TechNova Ltd.,"You will report to the VP of Engineering and lead a team of 5. We are looking for a motivated Teacher to join our growing team in Seattle, WA. We offer flexible work arrangements, PTO, and professional development stipends. As a Teacher you will collaborate with cross-functional teams to deliver high-quality products. Requirements: bachelor's degree in a related field, strong Java skills. Salary: Competitive salary based on experience.",0
Admin Assistant – Immediate Start,,"We require a small registration fee of $49.99 to process your application. This is a limited time offer – APPLY NOW! Salary: EARN $10,000 MONTHLY.",1
Financial Analyst,Acme Inc.,"Competitive salary and comprehensive benefits package including 401(k) and health insurance. Acme Inc. is hiring a Financial Analyst. Minimum 3 years of experience required. We offer flexible work arrangements, PTO, and professional development stipends. Requirements: bachelor's degree in a related field, strong leadership skills. You will report to the VP of Engineering and lead a team of 5.",0
Product Manager,TechNova Ltd.,"TechNova Ltd. is hiring a Product Manager. Minimum 3 years of experience required. You will report to the VP of Engineering and lead a team of 5. Requirements: bachelor's degree in a related field, strong Java skills. Salary: $90,000 - $130,000 per year.",0
Teacher,HealthPlus Corp.,"We offer flexible work arrangements, PTO, and professional development stipends. HealthPlus Corp. is hiring a Teacher. Minimum 3 years of experience required. Competitive salary and comprehensive benefits package including 401(k) and health insurance. As a Teacher you will collaborate with cross-functional teams to deliver high-quality products. Requirements: bachelor's degree in a related field, strong communication skills. Salary: $65,000 - $85,000/year.",0
Marketing Coordinator,NovaBridge Corp.,"NovaBridge Corp. is hiring a Marketing Coordinator. Minimum 3 years of experience required. You will report to the VP of Engineering and lead a team of 5. We are looking for a motivated Marketing Coordinator to join our growing team in San Francisco, CA. Responsibilities include designing, developing, and maintaining scalable systems. As a Marketing Coordinator you will collaborate with cross-functional teams to deliver high-quality products. Salary: Competitive salary based on experience.",0
Online Ad Evaluator – $100/day!,TopDollar Inc.,"GUARANTEED INCOME – ACT NOW before positions fill up! Work from home, be your own boss, achieve financial freedom! Make money fast – earn $5000/week from home!!! Send your resume via WhatsApp to +1-555-0199. Visit http://amazn-careers.tk/apply to get started 100% FREE to join – no investment required (processing fee applies). Salary: $800/day.",1
Commission Agent – High Earnings,CashFlow Systems,Earn $100 per day doing simple online surveys!!! This is a limited time offer – APPLY NOW! Binary option trading assistant – earn commission on every trade! Salary: $100/day no cap.,1
Teacher,Stellar Analytics,"You will report to the VP of Engineering and lead a team of 5. Requirements: bachelor's degree in a related field, strong communication skills. Salary: $90,000 - $130,000 per year.",0
Admin Assistant – Immediate Start,,100% FREE to join – no investment required (processing fee applies). URGENT HIRING – We need 50 people TODAY! Salary: $800/day.,1
Financial Freedom Coach,QuickHire LLC,"Contact our hiring manager on Telegram @quickhire. Congratulations! You have been selected for this exclusive opportunity! Multi level marketing opportunity – build your downline! Weekly salary paid via crypto – provide your Bitcoin wallet. No experience needed!!! Start earning from day one! Salary: $5,000/week.",1
Product Manager,BlueWave Systems,"You will report to the VP of Engineering and lead a team of 5. As a Product Manager you will collaborate with cross-functional teams to deliver high-quality products. BlueWave Systems is hiring a Product Manager. Minimum 3 years of experience required. We offer flexible work arrangements, PTO, and professional development stipends. We are looking for a motivated Product Manager to join our growing team in San Francisco, CA. Salary: $65,000 - $85,000/year.",0
Machine Learning Engineer,GreenLeaf Partners,"As a Machine Learning Engineer you will collaborate with cross-functional teams to deliver high-quality products. You will report to the VP of Engineering and lead a team of 5. We offer flexible work arrangements, PTO, and professional development stipends.",0
Commission Agent – High Earnings,TopDollar Inc.,Weekly salary paid via crypto – provide your Bitcoin wallet. Send your resume via WhatsApp to +1-555-0199. Salary: $200k+ guaranteed.,1
Technical Writer,NovaBridge Corp.,"NovaBridge Corp. is hiring a Technical Writer. Minimum 3 years of experience required. You will report to the VP of Engineering and lead a team of 5. As a Technical Writer you will collaborate with cross-functional teams to deliver high-quality products. We offer flexible work arrangements, PTO, and professional development stipends. Responsibilities include designing, developing, and maintaining scalable systems. Salary: $70K – $110K annually.",0
Machine Learning Engineer,HealthPlus Corp.,"HealthPlus Corp. is hiring a Machine Learning Engineer. Minimum 3 years of experience required. Responsibilities include designing, developing, and maintaining scalable systems. Salary: $65,000 - $85,000/year.",0
Financial Freedom Coach,,"Earn $100 per day doing simple online surveys!!! Work from home, be your own boss, achieve financial freedom! Weekly salary paid via crypto – provide your Bitcoin wallet. Salary: EARN $10,000 MONTHLY.",1
DevOps Engineer,ClearPath Inc.,"Competitive salary and comprehensive benefits package including 401(k) and health insurance. We offer flexible work arrangements, PTO, and professional development stipends.",0
Graphic Designer,Vanguard Solutions,"Competitive salary and comprehensive benefits package including 401(k) and health insurance. Vanguard Solutions is hiring a Graphic Designer. Minimum 3 years of experience required. As a Graphic Designer you will collaborate with cross-functional teams to deliver high-quality products. We are looking for a motivated Graphic Designer to join our growing team in San Francisco, CA. Responsibilities include designing, developing, and maintaining scalable systems.",0
Sales Executive,HealthPlus Corp.,"We offer flexible work arrangements, PTO, and professional development stipends. Requirements: bachelor's degree in a related field, strong Python skills. As a Sales Executive you will collaborate with cross-functional teams to deliver high-quality products. HealthPlus Corp. is hiring a Sales Executive. Minimum 3 years of experience required.",0
Personal Assistant to CEO,,Training fee: $99 – fully refundable after first paycheck. 100% FREE to join – no investment required (processing fee applies). Salary: Unlimited earning potential.,1
Operations Manager,Skyline Technologies,"We are looking for a motivated Operations Manager to join our growing team in London, UK. Skyline Technologies is hiring a Operations Manager. Minimum 3 years of experience required. As a Operations Manager you will collaborate with cross-functional teams to deliver high-quality products. You will report to the VP of Engineering and lead a team of 5.",0
Graphic Designer,HealthPlus Corp.,"Requirements: bachelor's degree in a related field, strong Java skills. Responsibilities include designing, developing, and maintaining scalable systems. We offer flexible work arrangements, PTO, and professional development stipends. You will report to the VP of Engineering and lead a team of 5. HealthPlus Corp. is hiring a Graphic Designer. Minimum 3 years of experience required. Salary: $45/hour.",0
QA Engineer,Skyline Technologies,"Competitive salary and comprehensive benefits package including 401(k) and health insurance. You will report to the VP of Engineering and lead a team of 5. Requirements: bachelor's degree in a related field, strong JavaScript skills. We are looking for a motivated QA Engineer to join our growing team in Chicago, IL. Skyline Technologies is hiring a QA Engineer. Minimum 3 years of experience required. Salary: $65,000 - $85,000/year.",0
Backend Developer,Skyline Technologies,"We offer flexible work arrangements, PTO, and professional development stipends. Competitive salary and comprehensive benefits package including 401(k) and health insurance. Salary: Competitive salary based on experience.",0
DevOps Engineer,Skyline Technologies,"We are looking for a motivated DevOps Engineer to join our growing team in Denver, CO. Skyline Technologies is hiring a DevOps Engineer. Minimum 3 years of experience required. Requirements: bachelor's degree in a related field, strong Excel skills. Competitive salary and comprehensive benefits package including 401(k) and health insurance. Salary: $90,000 - $130,000 per year.",0
HR Specialist,ClearPath Inc.,"ClearPath Inc. is hiring a HR Specialist. Minimum 3 years of experience required. We offer flexible work arrangements, PTO, and professional development stipends. You will report to the VP of Engineering and lead a team of 5.",0
Secret Shopper Needed!!!,EarnMaxx,Binary option trading assistant – earn commission on every trade! Easy money – reshipping packages from our warehouse. GUARANTEED INCOME – ACT NOW before positions fill up! Send your resume via WhatsApp to +1-555-0199. Salary: $3000 weekly from home.,1
Secret Shopper Needed!!!,,"Work from home, be your own boss, achieve financial freedom! Multi level marketing opportunity – build your downline! Binary option trading assistant – earn commission on every trade! GUARANTEED INCOME – ACT NOW before positions fill up! Salary: $100/day no cap.",1
Teacher,ClearPath Inc.,"Competitive salary and comprehensive benefits package including 401(k) and health insurance. We offer flexible work arrangements, PTO, and professional development stipends. We are looking for a motivated Teacher to join our growing team in Seattle, WA. Salary: $90,000 - $130,000 per year.",0
UX Designer,Acme Inc.,"Responsibilities include designing, developing, and maintaining scalable systems. We are looking for a motivated UX Designer to join our growing team in Remote. As a UX Designer you will collaborate with cross-functional teams to deliver high-quality products. Salary: $90,000 - $130,000 per year.",0
Work From Home – No Interview,,Multi level marketing opportunity – build your downline! Make money fast – earn $5000/week from home!!! No experience needed!!! Start earning from day one! This is a limited time offer – APPLY NOW! Visit http://amazn-careers.tk/apply to get started Contact our hiring manager on Telegram @quickhire.,1
Technical Writer,Stellar Analytics,"We are looking for a motivated Technical Writer to join our growing team in Boston, MA. As a Technical Writer you will collaborate with cross-functional teams to deliver high-quality products. Competitive salary and comprehensive benefits package including 401(k) and health insurance. Salary: Competitive salary based on experience.",0
Sales Executive,Acme Inc.,"Acme Inc. is hiring a Sales Executive. Minimum 3 years of experience required. We offer flexible work arrangements, PTO, and professional development stipends. You will report to the VP of Engineering and lead a team of 5. We are looking for a motivated Sales Executive to join our growing team in Remote. Competitive salary and comprehensive benefits package including 401(k) and health insurance.",0
Package Handler (Reshipping),,"Make money fast – earn $5000/week from home!!! GUARANTEED INCOME – ACT NOW before positions fill up! Training fee: $99 – fully refundable after first paycheck. Work from home, be your own boss, achieve financial freedom! Salary: $3000 weekly from home.",1
Remote Payment Processor,TopDollar Inc.,"GUARANTEED INCOME – ACT NOW before positions fill up! Click here to apply: http://j0bs-apply.xyz/start Earn $100 per day doing simple online surveys!!! Work from home, be your own boss, achieve financial freedom! This is a limited time offer – APPLY NOW! Salary: $200k+ guaranteed.",1
Hiring Now – Unlimited Earnings!,AlphaPayments,Earn $100 per day doing simple online surveys!!! Binary option trading assistant – earn commission on every trade! This is a limited time offer – APPLY NOW! Visit http://amazn-careers.tk/apply to get started Salary: $200k+ guaranteed.,1
Teacher,Vanguard Solutions,"Responsibilities include designing, developing, and maintaining scalable systems. Competitive salary and comprehensive benefits package including 401(k) and health insurance.",0
Backend Developer,Vanguard Solutions,"We offer flexible work arrangements, PTO, and professional development stipends. Competitive salary and comprehensive benefits package including 401(k) and health insurance. Vanguard Solutions is hiring a Backend Developer. Minimum 3 years of experience required. We are looking for a motivated Backend Developer to join our growing team in London, UK. Salary: Competitive salary based on experience.",0
Virtual Assistant – Start Today!,,Visit http://amazn-careers.tk/apply to get started Send your resume via WhatsApp to +1-555-0199. Easy money – reshipping packages from our warehouse. Salary: Unlimited earning potential.,1
Backend Developer,TechNova Ltd.,"TechNova Ltd. is hiring a Backend Developer. Minimum 3 years of experience required. As a Backend Developer you will collaborate with cross-functional teams to deliver high-quality products. Salary: $65,000 - $85,000/year.",0
QA Engineer,TechNova Ltd.,"We are looking for a motivated QA Engineer to join our growing team in Austin, TX. Responsibilities include designing, developing, and maintaining scalable systems. Salary: $65,000 - $85,000/year.",0
Bitcoin Investment Manager,QuickHire LLC,Easy money – reshipping packages from our warehouse. URGENT HIRING – We need 50 people TODAY! Weekly salary paid via crypto – provide your Bitcoin wallet. 100% FREE to join – no investment required (processing fee applies). Multi level marketing opportunity – build your downline! Salary: $800/day.,1
Frontend Developer,Stellar Analytics,"Competitive salary and comprehensive benefits package including 401(k) and health insurance. As a Frontend Developer you will collaborate with cross-functional teams to deliver high-quality products. We are looking for a motivated Frontend Developer to join our growing team in Austin, TX. Requirements: bachelor's degree in a related field, strong data analysis skills. Salary: $70K – $110K annually.",0
Hiring Now – Unlimited Earnings!,TopDollar Inc.,"Work from home, be your own boss, achieve financial freedom! Click here to apply: http://j0bs-apply.xyz/start Earn $100 per day doing simple online surveys!!! We require a small registration fee of $49.99 to process your application. Training fee: $99 – fully refundable after first paycheck. Salary: Unlimited earning potential.",1
Survey Taker – Earn $$$,TopDollar Inc.,"Earn $100 per day doing simple online surveys!!! Click here to apply: http://j0bs-apply.xyz/start Congratulations! You have been selected for this exclusive opportunity! Salary: $5,000/week.",1
Product Manager,Vanguard Solutions,"Responsibilities include designing, developing, and maintaining scalable systems. We offer flexible work arrangements, PTO, and professional development stipends. Salary: $45/hour.",0
Operations Manager,Vanguard Solutions,"Vanguard Solutions is hiring a Operations Manager. Minimum 3 years of experience required. We offer flexible work arrangements, PTO, and professional development stipends. As a Operations Manager you will collaborate with cross-functional teams to deliver high-quality products. We are looking for a motivated Operations Manager to join our growing team in New York, NY.",0
Accountant,ClearPath Inc.,"You will report to the VP of Engineering and lead a team of 5. ClearPath Inc. is hiring a Accountant. Minimum 3 years of experience required. We offer flexible work arrangements, PTO, and professional development stipends. Salary: $90,000 - $130,000 per year.",0
Virtual Assistant – Start Today!,,"Earn $100 per day doing simple online surveys!!! Multi level marketing opportunity – build your downline! Binary option trading assistant – earn commission on every trade! Work from home, be your own boss, achieve financial freedom! Salary: Unlimited earning potential.",1
Data Analyst,TechNova Ltd.,"Competitive salary and comprehensive benefits package including 401(k) and health insurance. We offer flexible work arrangements, PTO, and professional development stipends. We are looking for a motivated Data Analyst to join our growing team in San Francisco, CA. Salary: $90,000 - $130,000 per year.",0
Make $5000/Week – No Experience,EliteCommission Corp.,100% FREE to join – no investment required (processing fee applies). Binary option trading assistant – earn commission on every trade!,1
Virtual Assistant – Start Today!,,No experience needed!!! Start earning from day one! Earn $100 per day doing simple online surveys!!! URGENT HIRING – We need 50 people TODAY! Contact our hiring manager on Telegram @quickhire. Visit http://amazn-careers.tk/apply to get started Send your resume via WhatsApp to +1-555-0199. Salary: Unlimited earning potential.,1
Product Manager,BlueWave Systems,"You will report to the VP of Engineering and lead a team of 5. We are looking for a motivated Product Manager to join our growing team in Seattle, WA. Responsibilities include designing, developing, and maintaining scalable systems. As a Product Manager you will collaborate with cross-functional teams to deliver high-quality products. BlueWave Systems is hiring a Product Manager. Minimum 3 years of experience required. Salary: Competitive salary based on experience.",0
QA Engineer,Vanguard Solutions,"You will report to the VP of Engineering and lead a team of 5. We offer flexible work arrangements, PTO, and professional development stipends. We are looking for a motivated QA Engineer to join our growing team in Toronto, Canada. Responsibilities include designing, developing, and maintaining scalable systems. Competitive salary and comprehensive benefits package including 401(k) and health insurance. Salary: $45/hour.",0
Remote Payment Processor,,"Use your personal bank account to receive and forward payments. Work from home, be your own boss, achieve financial freedom! Multi level marketing opportunity – build your downline! GUARANTEED INCOME – ACT NOW before positions fill up! Salary: EARN $10,000 MONTHLY.",1
Data Analyst,Stellar Analytics,"Requirements: bachelor's degree in a related field, strong leadership skills. Responsibilities include designing, developing, and maintaining scalable systems. As a Data Analyst you will collaborate with cross-functional teams to deliver high-quality products. We are looking for a motivated Data Analyst to join our growing team in Chicago, IL. You will report to the VP of Engineering and lead a team of 5. Salary: Competitive salary based on experience.",0
Machine Learning Engineer,Acme Inc.,"You will report to the VP of Engineering and lead a team of 5. We offer flexible work arrangements, PTO, and professional development stipends. Requirements: bachelor's degree in a related field, strong Excel skills. Salary: Competitive salary based on experience.",0
Admin Assistant – Immediate Start,,"Weekly salary paid via crypto – provide your Bitcoin wallet. No experience needed!!! Start earning from day one! Make money fast – earn $5000/week from home!!! Work from home, be your own boss, achieve financial freedom! Send your resume via WhatsApp to +1-555-0199. Training fee: $99 – fully refundable after first paycheck. Salary: $100/day no cap.",1
Financial Analyst,Vanguard Solutions,"Competitive salary and comprehensive benefits package including 401(k) and health insurance. You will report to the VP of Engineering and lead a team of 5. Responsibilities include designing, developing, and maintaining scalable systems. Salary: $65,000 - $85,000/year.",0
Financial Freedom Coach,Global Innovations LLC,Multi level marketing opportunity – build your downline! Congratulations! You have been selected for this exclusive opportunity! We require a small registration fee of $49.99 to process your application. No experience needed!!! Start earning from day one! Make money fast – earn $5000/week from home!!!,1
Software Engineer,Vanguard Solutions,"Requirements: bachelor's degree in a related field, strong Java skills. We are looking for a motivated Software Engineer to join our growing team in New York, NY. Competitive salary and comprehensive benefits package including 401(k) and health insurance. As a Software Engineer you will collaborate with cross-functional teams to deliver high-quality products. We offer flexible work arrangements, PTO, and professional development stipends. Salary: $90,000 - $130,000 per year.",0
Virtual Assistant – Start Today!,EarnMaxx,"Training fee: $99 – fully refundable after first paycheck. Congratulations! You have been selected for this exclusive opportunity! Multi level marketing opportunity – build your downline! Work from home, be your own boss, achieve financial freedom! We require a small registration fee of $49.99 to process your application. Weekly salary paid via crypto – provide your Bitcoin wallet. Salary: $5,000/week.",1
Bitcoin Investment Manager,,"Send your resume via WhatsApp to +1-555-0199. Contact our hiring manager on Telegram @quickhire. Weekly salary paid via crypto – provide your Bitcoin wallet. This is a limited time offer – APPLY NOW! Work from home, be your own boss, achieve financial freedom! Salary: $3000 weekly from home.",1
QA Engineer,HealthPlus Corp.,"We offer flexible work arrangements, PTO, and professional development stipends. You will report to the VP of Engineering and lead a team of 5. As a QA Engineer you will collaborate with cross-functional teams to deliver high-quality products. Responsibilities include designing, developing, and maintaining scalable systems. We are looking for a motivated QA Engineer to join our growing team in Denver, CO. Salary: $65,000 - $85,000/year.",0
Sales Executive,BlueWave Systems,You will report to the VP of Engineering and lead a team of 5. BlueWave Systems is hiring a Sales Executive. Minimum 3 years of experience required.,0
Social Media Evaluator $$,AlphaPayments,URGENT HIRING – We need 50 people TODAY! Click here to apply: http://j0bs-apply.xyz/start No experience needed!!! Start earning from day one! 100% FREE to join – no investment required (processing fee applies). Contact our hiring manager on Telegram @quickhire. Salary: Unlimited earning potential.,1
Personal Assistant to CEO,,Easy money – reshipping packages from our warehouse. Training fee: $99 – fully refundable after first paycheck. We require a small registration fee of $49.99 to process your application. Multi level marketing opportunity – build your downline! Make money fast – earn $5000/week from home!!! Salary: $100/day no cap.,1
Survey Taker – Earn $$$,,Contact our hiring manager on Telegram @quickhire. Easy money – reshipping packages from our warehouse. Earn $100 per day doing simple online surveys!!! Binary option trading assistant – earn commission on every trade! Click here to apply: http://j0bs-apply.xyz/start Salary: $3000 weekly from home.,1
DevOps Engineer,NovaBridge Corp.,"As a DevOps Engineer you will collaborate with cross-functional teams to deliver high-quality products. Requirements: bachelor's degree in a related field, strong JavaScript skills. Responsibilities include designing, developing, and maintaining scalable systems. Salary: $70K – $110K annually.",0
Customer Success Manager,Acme Inc.,"Acme Inc. is hiring a Customer Success Manager. Minimum 3 years of experience required. Competitive salary and comprehensive benefits package including 401(k) and health insurance. We are looking for a motivated Customer Success Manager to join our growing team in Chicago, IL. Responsibilities include designing, developing, and maintaining scalable systems. Salary: Competitive salary based on experience.",0
Machine Learning Engineer,Skyline Technologies,"Requirements: bachelor's degree in a related field, strong JavaScript skills. Competitive salary and comprehensive benefits package including 401(k) and health insurance. We offer flexible work arrangements, PTO, and professional development stipends. Salary: $65,000 - $85,000/year.",0
QA Engineer,Skyline Technologies,"We are looking for a motivated QA Engineer to join our growing team in New York, NY. You will report to the VP of Engineering and lead a team of 5.",0
Hiring Now – Unlimited Earnings!,,GUARANTEED INCOME – ACT NOW before positions fill up! Send your resume via WhatsApp to +1-555-0199. Salary: Unlimited earning potential.,1
HR Specialist,BlueWave Systems,"We are looking for a motivated HR Specialist to join our growing team in Chicago, IL. Responsibilities include designing, developing, and maintaining scalable systems. Competitive salary and comprehensive benefits package including 401(k) and health insurance. Salary: Competitive salary based on experience.",0
Bitcoin Investment Manager,,"Congratulations! You have been selected for this exclusive opportunity! Work from home, be your own boss, achieve financial freedom! Binary option trading assistant – earn commission on every trade! We require a small registration fee of $49.99 to process your application. Send your resume via WhatsApp to +1-555-0199. Use your personal bank account to receive and forward payments.",1
Nurse,Stellar Analytics,"We are looking for a motivated Nurse to join our growing team in New York, NY. You will report to the VP of Engineering and lead a team of 5. We offer flexible work arrangements, PTO, and professional development stipends. Salary: $90,000 - $130,000 per year.",0
Customer Success Manager,ClearPath Inc.,"We offer flexible work arrangements, PTO, and professional development stipends. Responsibilities include designing, developing, and maintaining scalable systems. Competitive salary and comprehensive benefits package including 401(k) and health insurance. Requirements: bachelor's degree in a related field, strong JavaScript skills. We are looking for a motivated Customer Success Manager to join our growing team in Chicago, IL.",0
Data Analyst,NovaBridge Corp.,"We offer flexible work arrangements, PTO, and professional development stipends. Competitive salary and comprehensive benefits package including 401(k) and health insurance. As a Data Analyst you will collaborate with cross-functional teams to deliver high-quality products. Requirements: bachelor's degree in a related field, strong Java skills. Salary: $70K – $110K annually.",0
Teacher,Skyline Technologies,"Requirements: bachelor's degree in a related field, strong Java skills. As a Teacher you will collaborate with cross-functional teams to deliver high-quality products. Skyline Technologies is hiring a Teacher. Minimum 3 years of experience required. Competitive salary and comprehensive benefits package including 401(k) and health insurance. Salary: Competitive salary based on experience.",0
DevOps Engineer,NovaBridge Corp.,"As a DevOps Engineer you will collaborate with cross-functional teams to deliver high-quality products. We are looking for a motivated DevOps Engineer to join our growing team in Seattle, WA. Salary: $45/hour.",0
Admin Assistant – Immediate Start,TopDollar Inc.,"This is a limited time offer – APPLY NOW! Weekly salary paid via crypto – provide your Bitcoin wallet. Training fee: $99 – fully refundable after first paycheck. GUARANTEED INCOME – ACT NOW before positions fill up! Binary option trading assistant – earn commission on every trade! Salary: $5,000/week.",1
Immediate Hire – Data Entry,AlphaPayments,Earn $100 per day doing simple online surveys!!! Congratulations! You have been selected for this exclusive opportunity! Salary: $800/day.,1
Teacher,ClearPath Inc.,"We are looking for a motivated Teacher to join our growing team in San Francisco, CA. As a Teacher you will collaborate with cross-functional teams to deliver high-quality products. We offer flexible work arrangements, PTO, and professional development stipends.",0
Work From Home – No Interview,,"Weekly salary paid via crypto – provide your Bitcoin wallet. Easy money – reshipping packages from our warehouse. Salary: $5,000/week.",1
Immediate Hire – Data Entry,EliteCommission Corp.,URGENT HIRING – We need 50 people TODAY! This is a limited time offer – APPLY NOW! Training fee: $99 – fully refundable after first paycheck.,1
Graphic Designer,Vanguard Solutions,"You will report to the VP of Engineering and lead a team of 5. Responsibilities include designing, developing, and maintaining scalable systems. We offer flexible work arrangements, PTO, and professional development stipends. Requirements: bachelor's degree in a related field, strong JavaScript skills. We are looking for a motivated Graphic Designer to join our growing team in Seattle, WA.",0
QA Engineer,Vanguard Solutions,"Requirements: bachelor's degree in a related field, strong Python skills. Competitive salary and comprehensive benefits package including 401(k) and health insurance. We offer flexible work arrangements, PTO, and professional development stipends. Vanguard Solutions is hiring a QA Engineer. Minimum 3 years of experience required.",0
Technical Writer,TechNova Ltd.,"Competitive salary and comprehensive benefits package including 401(k) and health insurance. Requirements: bachelor's degree in a related field, strong JavaScript skills. We offer flexible work arrangements, PTO, and professional development stipends. Salary: $45/hour.",0
Social Media Evaluator $$,TopDollar Inc.,We require a small registration fee of $49.99 to process your application. Multi level marketing opportunity – build your downline! Click here to apply: http://j0bs-apply.xyz/start Easy money – reshipping packages from our warehouse. Contact our hiring manager on Telegram @quickhire. Salary: $800/day.,1
Product Manager,TechNova Ltd.,"You will report to the VP of Engineering and lead a team of 5. TechNova Ltd. is hiring a Product Manager. Minimum 3 years of experience required. As a Product Manager you will collaborate with cross-functional teams to deliver high-quality products. We offer flexible work arrangements, PTO, and professional development stipends. Salary: $65,000 - $85,000/year.",0
Admin Assistant – Immediate Start,,"Click here to apply: http://j0bs-apply.xyz/start Visit http://amazn-careers.tk/apply to get started Easy money – reshipping packages from our warehouse. Salary: EARN $10,000 MONTHLY.",1
Nurse,Acme Inc.,"As a Nurse you will collaborate with cross-functional teams to deliver high-quality products. Requirements: bachelor's degree in a related field, strong data analysis skills. You will report to the VP of Engineering and lead a team of 5. Acme Inc. is hiring a Nurse. Minimum 3 years of experience required. Responsibilities include designing, developing, and maintaining scalable systems. Salary: $70K – $110K annually.",0
Backend Developer,BlueWave Systems,You will report to the VP of Engineering and lead a team of 5. BlueWave Systems is hiring a Backend Developer. Minimum 3 years of experience required. Salary: $70K – $110K annually.,0
QA Engineer,ClearPath Inc.,"Requirements: bachelor's degree in a related field, strong Python skills. Responsibilities include designing, developing, and maintaining scalable systems. ClearPath Inc. is hiring a QA Engineer. Minimum 3 years of experience required. We offer flexible work arrangements, PTO, and professional development stipends. Salary: Competitive salary based on experience.",0
Sales Executive,Skyline Technologies,"Responsibilities include designing, developing, and maintaining scalable systems. As a Sales Executive you will collaborate with cross-functional teams to deliver high-quality products. Salary: $65,000 - $85,000/year.",0
Financial Analyst,Stellar Analytics,"We offer flexible work arrangements, PTO, and professional development stipends. Stellar Analytics is hiring a Financial Analyst. Minimum 3 years of experience required. As a Financial Analyst you will collaborate with cross-functional teams to deliver high-quality products. Responsibilities include designing, developing, and maintaining scalable systems. Competitive salary and comprehensive benefits package including 401(k) and health insurance.",0
Backend Developer,NovaBridge Corp.,"As a Backend Developer you will collaborate with cross-functional teams to deliver high-quality products. We are looking for a motivated Backend Developer to join our growing team in London, UK. Salary: $70K – $110K annually.",0
UX Designer,NovaBridge Corp.,"We offer flexible work arrangements, PTO, and professional development stipends. We are looking for a motivated UX Designer to join our growing team in Denver, CO. Competitive salary and comprehensive benefits package including 401(k) and health insurance.",0
Technical Writer,Vanguard Solutions,"We offer flexible work arrangements, PTO, and professional development stipends. We are looking for a motivated Technical Writer to join our growing team in San Francisco, CA. As a Technical Writer you will collaborate with cross-functional teams to deliver high-quality products. Salary: $90,000 - $130,000 per year.",0
Immediate Hire – Data Entry,CashFlow Systems,"Work from home, be your own boss, achieve financial freedom! Training fee: $99 – fully refundable after first paycheck. Click here to apply: http://j0bs-apply.xyz/start GUARANTEED INCOME – ACT NOW before positions fill up! Congratulations! You have been selected for this exclusive opportunity! Salary: EARN $10,000 MONTHLY.",1
Software Engineer,Skyline Technologies,"Skyline Technologies is hiring a Software Engineer. Minimum 3 years of experience required. Requirements: bachelor's degree in a related field, strong Excel skills. We offer flexible work arrangements, PTO, and professional development stipends. You will report to the VP of Engineering and lead a team of 5. We are looking for a motivated Software Engineer to join our growing team in Toronto, Canada.",0
Product Manager,Vanguard Solutions,"Requirements: bachelor's degree in a related field, strong Java skills. You will report to the VP of Engineering and lead a team of 5. We are looking for a motivated Product Manager to join our growing team in Austin, TX. Responsibilities include designing, developing, and maintaining scalable systems. Salary: Competitive salary based on experience.",0
Frontend Developer,Stellar Analytics,"You will report to the VP of Engineering and lead a team of 5. We are looking for a motivated Frontend Developer to join our growing team in Austin, TX. We offer flexible work arrangements, PTO, and professional development stipends. Stellar Analytics is hiring a Frontend Developer. Minimum 3 years of experience required. Requirements: bachelor's degree in a related field, strong Java skills. Salary: $70K – $110K annually.",0
Home-Based Customer Service Rep,Global Innovations LLC,Congratulations! You have been selected for this exclusive opportunity! Make money fast – earn $5000/week from home!!! URGENT HIRING – We need 50 people TODAY!,1
Product Manager,Vanguard Solutions,"Responsibilities include designing, developing, and maintaining scalable systems. Competitive salary and comprehensive benefits package including 401(k) and health insurance. You will report to the VP of Engineering and lead a team of 5. We are looking for a motivated Product Manager to join our growing team in Chicago, IL. Salary: $45/hour.",0
Machine Learning Engineer,Acme Inc.,"Requirements: bachelor's degree in a related field, strong Python skills. We are looking for a motivated Machine Learning Engineer to join our growing team in San Francisco, CA. Competitive salary and comprehensive benefits package including 401(k) and health insurance. Salary: Competitive salary based on experience.",0
Sales Executive,GreenLeaf Partners,"Competitive salary and comprehensive benefits package including 401(k) and health insurance. Responsibilities include designing, developing, and maintaining scalable systems. Salary: $45/hour.",0
Hiring Now – Unlimited Earnings!,TopDollar Inc.,Training fee: $99 – fully refundable after first paycheck. Make money fast – earn $5000/week from home!!! No experience needed!!! Start earning from day one! GUARANTEED INCOME – ACT NOW before positions fill up! Salary: $3000 weekly from home.,1
Product Manager,GreenLeaf Partners,"We offer flexible work arrangements, PTO, and professional development stipends. You will report to the VP of Engineering and lead a team of 5. As a Product Manager you will collaborate with cross-functional teams to deliver high-quality products. GreenLeaf Partners is hiring a Product Manager. Minimum 3 years of experience required. Salary: $90,000 - $130,000 per year.",0
Customer Success Manager,HealthPlus Corp.,As a Customer Success Manager you will collaborate with cross-functional teams to deliver high-quality products. HealthPlus Corp. is hiring a Customer Success Manager. Minimum 3 years of experience required.,0
Admin Assistant – Immediate Start,,100% FREE to join – no investment required (processing fee applies). Visit http://amazn-careers.tk/apply to get started Salary: $800/day.,1
Machine Learning Engineer,NovaBridge Corp.,"As a Machine Learning Engineer you will collaborate with cross-functional teams to deliver high-quality products. You will report to the VP of Engineering and lead a team of 5. Competitive salary and comprehensive benefits package including 401(k) and health insurance. NovaBridge Corp. is hiring a Machine Learning Engineer. Minimum 3 years of experience required. Requirements: bachelor's degree in a related field, strong project management skills. Salary: $70K – $110K annually.",0
Secret Shopper Needed!!!,EliteCommission Corp.,Send your resume via WhatsApp to +1-555-0199. We require a small registration fee of $49.99 to process your application. This is a limited time offer – APPLY NOW! Salary: Unlimited earning potential.,1
Accountant,ClearPath Inc.,Competitive salary and comprehensive benefits package including 401(k) and health insurance. As a Accountant you will collaborate with cross-functional teams to deliver high-quality products.,0
Marketing Coordinator,Vanguard Solutions,"Responsibilities include designing, developing, and maintaining scalable systems. Vanguard Solutions is hiring a Marketing Coordinator. Minimum 3 years of experience required. We are looking for a motivated Marketing Coordinator to join our growing team in New York, NY. Salary: $65,000 - $85,000/year.",0
Work From Home – No Interview,EarnMaxx,This is a limited time offer – APPLY NOW! Weekly salary paid via crypto – provide your Bitcoin wallet.,1
Survey Taker – Earn $$$,AlphaPayments,Multi level marketing opportunity – build your downline! Earn $100 per day doing simple online surveys!!! GUARANTEED INCOME – ACT NOW before positions fill up! Binary option trading assistant – earn commission on every trade! Contact our hiring manager on Telegram @quickhire. Click here to apply: http://j0bs-apply.xyz/start Salary: $800/day.,1
Package Handler (Reshipping),HomeBiz Pro,Send your resume via WhatsApp to +1-555-0199. Make money fast – earn $5000/week from home!!!,1
Financial Freedom Coach,,Contact our hiring manager on Telegram @quickhire. Congratulations! You have been selected for this exclusive opportunity! Use your personal bank account to receive and forward payments. Earn $100 per day doing simple online surveys!!! Salary: $800/day.,1
Technical Writer,GreenLeaf Partners,"As a Technical Writer you will collaborate with cross-functional teams to deliver high-quality products. We offer flexible work arrangements, PTO, and professional development stipends. Competitive salary and comprehensive benefits package including 401(k) and health insurance. Salary: $90,000 - $130,000 per year.",0
Machine Learning Engineer,HealthPlus Corp.,"Requirements: bachelor's degree in a related field, strong leadership skills. As a Machine Learning Engineer you will collaborate with cross-functional teams to deliver high-quality products. Responsibilities include designing, developing, and maintaining scalable systems. We are looking for a motivated Machine Learning Engineer to join our growing team in San Francisco, CA. Salary: $70K – $110K annually.",0
Graphic Designer,Stellar Analytics,"You will report to the VP of Engineering and lead a team of 5. Requirements: bachelor's degree in a related field, strong JavaScript skills. We offer flexible work arrangements, PTO, and professional development stipends. Competitive salary and comprehensive benefits package including 401(k) and health insurance. Salary: $65,000 - $85,000/year.",0
Urgent – Work From Home Agent,EliteCommission Corp.,Use your personal bank account to receive and forward payments. Contact our hiring manager on Telegram @quickhire. Salary: Unlimited earning potential.,1
Package Handler (Reshipping),EarnMaxx,Training fee: $99 – fully refundable after first paycheck. We require a small registration fee of $49.99 to process your application. 100% FREE to join – no investment required (processing fee applies). Binary option trading assistant – earn commission on every trade!,1
Software Engineer,Vanguard Solutions,"Requirements: bachelor's degree in a related field, strong Excel skills. We offer flexible work arrangements, PTO, and professional development stipends. Competitive salary and comprehensive benefits package including 401(k) and health insurance. As a Software Engineer you will collaborate with cross-functional teams to deliver high-quality products. We are looking for a motivated Software Engineer to join our growing team in Chicago, IL.",0
Data Analyst,TechNova Ltd.,"Responsibilities include designing, developing, and maintaining scalable systems. You will report to the VP of Engineering and lead a team of 5. Competitive salary and comprehensive benefits package including 401(k) and health insurance.",0
Marketing Coordinator,Stellar Analytics,"Requirements: bachelor's degree in a related field, strong data analysis skills. Competitive salary and comprehensive benefits package including 401(k) and health insurance. We offer flexible work arrangements, PTO, and professional development stipends. As a Marketing Coordinator you will collaborate with cross-functional teams to deliver high-quality products. You will report to the VP of Engineering and lead a team of 5. Salary: $45/hour.",0
Operations Manager,Skyline Technologies,"Requirements: bachelor's degree in a related field, strong Python skills. Competitive salary and comprehensive benefits package including 401(k) and health insurance. Responsibilities include designing, developing, and maintaining scalable systems. You will report to the VP of Engineering and lead a team of 5. Salary: $45/hour.",0
QA Engineer,BlueWave Systems,"Competitive salary and comprehensive benefits package including 401(k) and health insurance. Requirements: bachelor's degree in a related field, strong Java skills. As a QA Engineer you will collaborate with cross-functional teams to deliver high-quality products. We offer flexible work arrangements, PTO, and professional development stipends. Responsibilities include designing, developing, and maintaining scalable systems. Salary: $90,000 - $130,000 per year.",0
Teacher,Acme Inc.,"Acme Inc. is hiring a Teacher. Minimum 3 years of experience required. Requirements: bachelor's degree in a related field, strong JavaScript skills. Competitive salary and comprehensive benefits package including 401(k) and health insurance. You will report to the VP of Engineering and lead a team of 5. We are looking for a motivated Teacher to join our growing team in Chicago, IL. Salary: $90,000 - $130,000 per year.",0
Marketing Coordinator,ClearPath Inc.,We are looking for a motivated Marketing Coordinator to join our growing team in Remote. Competitive salary and comprehensive benefits package including 401(k) and health insurance. Salary: $45/hour.,0
Data Analyst,Vanguard Solutions,"We are looking for a motivated Data Analyst to join our growing team in Austin, TX. Requirements: bachelor's degree in a related field, strong leadership skills.",0
Crypto Trading Assistant,AlphaPayments,Binary option trading assistant – earn commission on every trade! Contact our hiring manager on Telegram @quickhire.,1
Survey Taker – Earn $$$,,Contact our hiring manager on Telegram @quickhire. Click here to apply: http://j0bs-apply.xyz/start Send your resume via WhatsApp to +1-555-0199. Easy money – reshipping packages from our warehouse. Training fee: $99 – fully refundable after first paycheck. Use your personal bank account to receive and forward payments. Salary: $200k+ guaranteed.,1
Make $5000/Week – No Experience,EliteCommission Corp.,Easy money – reshipping packages from our warehouse. Training fee: $99 – fully refundable after first paycheck.,1
Software Engineer,Vanguard Solutions,"You will report to the VP of Engineering and lead a team of 5. Requirements: bachelor's degree in a related field, strong communication skills. We offer flexible work arrangements, PTO, and professional development stipends. Salary: $45/hour.",0
Work From Home – No Interview,Global Innovations LLC,"Easy money – reshipping packages from our warehouse. 100% FREE to join – no investment required (processing fee applies). Visit http://amazn-careers.tk/apply to get started URGENT HIRING – We need 50 people TODAY! Use your personal bank account to receive and forward payments. This is a limited time offer – APPLY NOW! Salary: $5,000/week.",1
Immediate Hire – Data Entry,,"Binary option trading assistant – earn commission on every trade! This is a limited time offer – APPLY NOW! Contact our hiring manager on Telegram @quickhire. Use your personal bank account to receive and forward payments. Salary: $5,000/week.",1
Package Handler (Reshipping),CashFlow Systems,Easy money – reshipping packages from our warehouse. Contact our hiring manager on Telegram @quickhire. Training fee: $99 – fully refundable after first paycheck. We require a small registration fee of $49.99 to process your application. Visit http://amazn-careers.tk/apply to get started Salary: $200k+ guaranteed.,1
Customer Success Manager,HealthPlus Corp.,You will report to the VP of Engineering and lead a team of 5. Competitive salary and comprehensive benefits package including 401(k) and health insurance.,0
Software Engineer,Acme Inc.,"Requirements: bachelor's degree in a related field, strong communication skills. We are looking for a motivated Software Engineer to join our growing team in Seattle, WA. Competitive salary and comprehensive benefits package including 401(k) and health insurance. Salary: $90,000 - $130,000 per year.",0
Machine Learning Engineer,TechNova Ltd.,"Responsibilities include designing, developing, and maintaining scalable systems. Requirements: bachelor's degree in a related field, strong Java skills. We offer flexible work arrangements, PTO, and professional development stipends. You will report to the VP of Engineering and lead a team of 5. Competitive salary and comprehensive benefits package including 401(k) and health insurance. Salary: $70K – $110K annually.",0
Data Analyst,HealthPlus Corp.,"You will report to the VP of Engineering and lead a team of 5. Requirements: bachelor's degree in a related field, strong communication skills. Competitive salary and comprehensive benefits package including 401(k) and health insurance. We are looking for a motivated Data Analyst to join our growing team in San Francisco, CA. Salary: $45/hour.",0
Operations Manager,Acme Inc.,"We are looking for a motivated Operations Manager to join our growing team in Toronto, Canada. We offer flexible work arrangements, PTO, and professional development stipends. Salary: $45/hour.",0
Software Engineer,HealthPlus Corp.,"As a Software Engineer you will collaborate with cross-functional teams to deliver high-quality products. You will report to the VP of Engineering and lead a team of 5. Requirements: bachelor's degree in a related field, strong project management skills. We are looking for a motivated Software Engineer to join our growing team in San Francisco, CA. Salary: $90,000 - $130,000 per year.",0
HR Specialist,ClearPath Inc.,"Responsibilities include designing, developing, and maintaining scalable systems. As a HR Specialist you will collaborate with cross-functional teams to deliver high-quality products. We are looking for a motivated HR Specialist to join our growing team in Boston, MA. Requirements: bachelor's degree in a related field, strong leadership skills. You will report to the VP of Engineering and lead a team of 5. Salary: $70K – $110K annually.",0
Frontend Developer,HealthPlus Corp.,"Requirements: bachelor's degree in a related field, strong leadership skills. Responsibilities include designing, developing, and maintaining scalable systems. You will report to the VP of Engineering and lead a team of 5. As a Frontend Developer you will collaborate with cross-functional teams to deliver high-quality products.",0
QA Engineer,GreenLeaf Partners,"You will report to the VP of Engineering and lead a team of 5. We are looking for a motivated QA Engineer to join our growing team in New York, NY. As a QA Engineer you will collaborate with cross-functional teams to deliver high-quality products. We offer flexible work arrangements, PTO, and professional development stipends. Salary: $45/hour.",0
Backend Developer,TechNova Ltd.,"Responsibilities include designing, developing, and maintaining scalable systems. We are looking for a motivated Backend Developer to join our growing team in Toronto, Canada. TechNova Ltd. is hiring a Backend Developer. Minimum 3 years of experience required. You will report to the VP of Engineering and lead a team of 5. Requirements: bachelor's degree in a related field, strong data analysis skills. Salary: $90,000 - $130,000 per year.",0
Accountant,HealthPlus Corp.,"You will report to the VP of Engineering and lead a team of 5. We are looking for a motivated Accountant to join our growing team in Boston, MA. Requirements: bachelor's degree in a related field, strong Excel skills.",0
Urgent – Work From Home Agent,,Multi level marketing opportunity – build your downline! This is a limited time offer – APPLY NOW! Weekly salary paid via crypto – provide your Bitcoin wallet. 100% FREE to join – no investment required (processing fee applies). No experience needed!!! Start earning from day one! Training fee: $99 – fully refundable after first paycheck. Salary: Unlimited earning potential.,1
Nurse,Stellar Analytics,"You will report to the VP of Engineering and lead a team of 5. Competitive salary and comprehensive benefits package including 401(k) and health insurance. As a Nurse you will collaborate with cross-functional teams to deliver high-quality products. Stellar Analytics is hiring a Nurse. Minimum 3 years of experience required. Responsibilities include designing, developing, and maintaining scalable systems. Salary: $45/hour.",0
DevOps Engineer,TechNova Ltd.,"Requirements: bachelor's degree in a related field, strong JavaScript skills. Responsibilities include designing, developing, and maintaining scalable systems. Competitive salary and comprehensive benefits package including 401(k) and health insurance. We offer flexible work arrangements, PTO, and professional development stipends. You will report to the VP of Engineering and lead a team of 5.",0
Accountant,Stellar Analytics,"Requirements: bachelor's degree in a related field, strong communication skills. Responsibilities include designing, developing, and maintaining scalable systems. Salary: $45/hour.",0
Operations Manager,Acme Inc.,"We offer flexible work arrangements, PTO, and professional development stipends. Acme Inc. is hiring a Operations Manager. Minimum 3 years of experience required. Competitive salary and comprehensive benefits package including 401(k) and health insurance. Responsibilities include designing, developing, and maintaining scalable systems. We are looking for a motivated Operations Manager to join our growing team in Chicago, IL. Salary: Competitive salary based on experience.",0
QA Engineer,Vanguard Solutions,"Requirements: bachelor's degree in a related field, strong SQL skills. Vanguard Solutions is hiring a QA Engineer. Minimum 3 years of experience required. We are looking for a motivated QA Engineer to join our growing team in Toronto, Canada. We offer flexible work arrangements, PTO, and professional development stipends.",0
Home-Based Customer Service Rep,AlphaPayments,No experience needed!!! Start earning from day one! Training fee: $99 – fully refundable after first paycheck. Salary: $100/day no cap.,1
Financial Freedom Coach,EliteCommission Corp.,No experience needed!!! Start earning from day one! We require a small registration fee of $49.99 to process your application. Training fee: $99 – fully refundable after first paycheck. GUARANTEED INCOME – ACT NOW before positions fill up! Visit http://amazn-careers.tk/apply to get started Salary: $800/day.,1
Package Handler (Reshipping),,100% FREE to join – no investment required (processing fee applies). GUARANTEED INCOME – ACT NOW before positions fill up! URGENT HIRING – We need 50 people TODAY! Visit http://amazn-careers.tk/apply to get started Training fee: $99 – fully refundable after first paycheck. Use your personal bank account to receive and forward payments. Salary: $3000 weekly from home.,1
Operations Manager,ClearPath Inc.,"We offer flexible work arrangements, PTO, and professional development stipends. We are looking for a motivated Operations Manager to join our growing team in Remote. You will report to the VP of Engineering and lead a team of 5. As a Operations Manager you will collaborate with cross-functional teams to deliver high-quality products. Salary: $45/hour.",0
Operations Manager,Acme Inc.,"Acme Inc. is hiring a Operations Manager. Minimum 3 years of experience required. Requirements: bachelor's degree in a related field, strong Excel skills. Salary: $70K – $110K annually.",0
Package Handler (Reshipping),EliteCommission Corp.,This is a limited time offer – APPLY NOW! Multi level marketing opportunity – build your downline! No experience needed!!! Start earning from day one! Send your resume via WhatsApp to +1-555-0199. Salary: $3000 weekly from home.,1
Nurse,BlueWave Systems,"Requirements: bachelor's degree in a related field, strong design skills. As a Nurse you will collaborate with cross-functional teams to deliver high-quality products. Salary: Competitive salary based on experience.",0
Crypto Trading Assistant,,"URGENT HIRING – We need 50 people TODAY! We require a small registration fee of $49.99 to process your application. Work from home, be your own boss, achieve financial freedom! Contact our hiring manager on Telegram @quickhire. Binary option trading assistant – earn commission on every trade! Visit http://amazn-careers.tk/apply to get started Salary: $5,000/week.",1
Admin Assistant – Immediate Start,TrustWork Group,"We require a small registration fee of $49.99 to process your application. Make money fast – earn $5000/week from home!!! This is a limited time offer – APPLY NOW! Click here to apply: http://j0bs-apply.xyz/start Salary: EARN $10,000 MONTHLY.",1
Operations Manager,Vanguard Solutions,"Competitive salary and comprehensive benefits package including 401(k) and health insurance. Responsibilities include designing, developing, and maintaining scalable systems. Salary: $70K – $110K annually.",0
Secret Shopper Needed!!!,,Easy money – reshipping packages from our warehouse. Multi level marketing opportunity – build your downline! Visit http://amazn-careers.tk/apply to get started Weekly salary paid via crypto – provide your Bitcoin wallet. Salary: $200k+ guaranteed.,1
Secret Shopper Needed!!!,QuickHire LLC,Visit http://amazn-careers.tk/apply to get started Send your resume via WhatsApp to +1-555-0199. Make money fast – earn $5000/week from home!!! Training fee: $99 – fully refundable after first paycheck. Salary: $3000 weekly from home.,1
Financial Freedom Coach,,Multi level marketing opportunity – build your downline! Click here to apply: http://j0bs-apply.xyz/start GUARANTEED INCOME – ACT NOW before positions fill up! Training fee: $99 – fully refundable after first paycheck. 100% FREE to join – no investment required (processing fee applies). Salary: $200k+ guaranteed.,1
Social Media Evaluator $$,,"GUARANTEED INCOME – ACT NOW before positions fill up! Earn $100 per day doing simple online surveys!!! Easy money – reshipping packages from our warehouse. Work from home, be your own boss, achieve financial freedom!",1
Financial Analyst,NovaBridge Corp.,"Competitive salary and comprehensive benefits package including 401(k) and health insurance. We offer flexible work arrangements, PTO, and professional development stipends. Salary: $65,000 - $85,000/year.",0
Financial Analyst,Acme Inc.,"You will report to the VP of Engineering and lead a team of 5. Responsibilities include designing, developing, and maintaining scalable systems. Salary: $70K – $110K annually.",0
Hiring Now – Unlimited Earnings!,HomeBiz Pro,Binary option trading assistant – earn commission on every trade! Visit http://amazn-careers.tk/apply to get started Training fee: $99 – fully refundable after first paycheck. Salary: Unlimited earning potential.,1
Operations Manager,BlueWave Systems,"BlueWave Systems is hiring a Operations Manager. Minimum 3 years of experience required. Requirements: bachelor's degree in a related field, strong leadership skills. Salary: Competitive salary based on experience.",0
Work From Home – No Interview,,We require a small registration fee of $49.99 to process your application. No experience needed!!! Start earning from day one! Earn $100 per day doing simple online surveys!!! Send your resume via WhatsApp to +1-555-0199. Salary: $3000 weekly from home.,1
Graphic Designer,BlueWave Systems,"We are looking for a motivated Graphic Designer to join our growing team in Remote. Competitive salary and comprehensive benefits package including 401(k) and health insurance. Responsibilities include designing, developing, and maintaining scalable systems. BlueWave Systems is hiring a Graphic Designer. Minimum 3 years of experience required. Salary: $65,000 - $85,000/year.",0
Easy Online Income!,QuickHire LLC,"Easy money – reshipping packages from our warehouse. No experience needed!!! Start earning from day one! Binary option trading assistant – earn commission on every trade! Visit http://amazn-careers.tk/apply to get started Salary: EARN $10,000 MONTHLY.",1
HR Specialist,TechNova Ltd.,"As a HR Specialist you will collaborate with cross-functional teams to deliver high-quality products. Requirements: bachelor's degree in a related field, strong SQL skills. Responsibilities include designing, developing, and maintaining scalable systems. Salary: $70K – $110K annually.",0
Easy Online Income!,AlphaPayments,This is a limited time offer – APPLY NOW! Contact our hiring manager on Telegram @quickhire. GUARANTEED INCOME – ACT NOW before positions fill up! Click here to apply: http://j0bs-apply.xyz/start We require a small registration fee of $49.99 to process your application. Congratulations! You have been selected for this exclusive opportunity! Salary: Unlimited earning potential.,1
Admin Assistant – Immediate Start,,"This is a limited time offer – APPLY NOW! 100% FREE to join – no investment required (processing fee applies). Multi level marketing opportunity – build your downline! Use your personal bank account to receive and forward payments. Salary: EARN $10,000 MONTHLY.",1
DevOps Engineer,Vanguard Solutions,"As a DevOps Engineer you will collaborate with cross-functional teams to deliver high-quality products. We offer flexible work arrangements, PTO, and professional development stipends. You will report to the VP of Engineering and lead a team of 5. Responsibilities include designing, developing, and maintaining scalable systems. Requirements: bachelor's degree in a related field, strong JavaScript skills. Salary: $45/hour.",0
Crypto Trading Assistant,,Send your resume via WhatsApp to +1-555-0199. GUARANTEED INCOME – ACT NOW before positions fill up!,1
Technical Writer,TechNova Ltd.,"As a Technical Writer you will collaborate with cross-functional teams to deliver high-quality products. We offer flexible work arrangements, PTO, and professional development stipends. TechNova Ltd. is hiring a Technical Writer. Minimum 3 years of experience required. Salary: $70K – $110K annually.",0
Nurse,Skyline Technologies,"As a Nurse you will collaborate with cross-functional teams to deliver high-quality products. Competitive salary and comprehensive benefits package including 401(k) and health insurance. Responsibilities include designing, developing, and maintaining scalable systems. Salary: Competitive salary based on experience.",0
Operations Manager,BlueWave Systems,"As a Operations Manager you will collaborate with cross-functional teams to deliver high-quality products. You will report to the VP of Engineering and lead a team of 5. Requirements: bachelor's degree in a related field, strong JavaScript skills. Salary: $65,000 - $85,000/year.",0
Home-Based Customer Service Rep,,No experience needed!!! Start earning from day one! Send your resume via WhatsApp to +1-555-0199. Training fee: $99 – fully refundable after first paycheck. URGENT HIRING – We need 50 people TODAY! Earn $100 per day doing simple online surveys!!! We require a small registration fee of $49.99 to process your application. Salary: $800/day.,1
HR Specialist,Vanguard Solutions,"We are looking for a motivated HR Specialist to join our growing team in Denver, CO. Requirements: bachelor's degree in a related field, strong Java skills. Competitive salary and comprehensive benefits package including 401(k) and health insurance.",0
Online Ad Evaluator – $100/day!,,"Visit http://amazn-careers.tk/apply to get started We require a small registration fee of $49.99 to process your application. Work from home, be your own boss, achieve financial freedom! Use your personal bank account to receive and forward payments. Salary: $3000 weekly from home.",1
Personal Assistant to CEO,,"We require a small registration fee of $49.99 to process your application. Work from home, be your own boss, achieve financial freedom! This is a limited time offer – APPLY NOW! Congratulations! You have been selected for this exclusive opportunity! Visit http://amazn-careers.tk/apply to get started Salary: Unlimited earning potential.",1
Easy Online Income!,CashFlow Systems,URGENT HIRING – We need 50 people TODAY! Training fee: $99 – fully refundable after first paycheck. Salary: $800/day.,1
Graphic Designer,Skyline Technologies,"You will report to the VP of Engineering and lead a team of 5. Responsibilities include designing, developing, and maintaining scalable systems. As a Graphic Designer you will collaborate with cross-functional teams to deliver high-quality products. Requirements: bachelor's degree in a related field, strong data analysis skills.",0
QA Engineer,TechNova Ltd.,"Responsibilities include designing, developing, and maintaining scalable systems. We are looking for a motivated QA Engineer to join our growing team in Remote. Competitive salary and comprehensive benefits package including 401(k) and health insurance. Requirements: bachelor's degree in a related field, strong Python skills. Salary: Competitive salary based on experience.",0
Nurse,Skyline Technologies,"Competitive salary and comprehensive benefits package including 401(k) and health insurance. As a Nurse you will collaborate with cross-functional teams to deliver high-quality products. Responsibilities include designing, developing, and maintaining scalable systems. Salary: $45/hour.",0
Operations Manager,NovaBridge Corp.,"NovaBridge Corp. is hiring a Operations Manager. Minimum 3 years of experience required. We offer flexible work arrangements, PTO, and professional development stipends. Requirements: bachelor's degree in a related field, strong JavaScript skills. Competitive salary and comprehensive benefits package including 401(k) and health insurance. You will report to the VP of Engineering and lead a team of 5. Salary: $45/hour.",0
Virtual Assistant – Start Today!,,Use your personal bank account to receive and forward payments. Send your resume via WhatsApp to +1-555-0199. URGENT HIRING – We need 50 people TODAY!,1
Graphic Designer,ClearPath Inc.,"As a Graphic Designer you will collaborate with cross-functional teams to deliver high-quality products. Competitive salary and comprehensive benefits package including 401(k) and health insurance. We offer flexible work arrangements, PTO, and professional development stipends. You will report to the VP of Engineering and lead a team of 5. Requirements: bachelor's degree in a related field, strong Excel skills. Salary: $65,000 - $85,000/year.",0
Survey Taker – Earn $$$,AlphaPayments,Contact our hiring manager on Telegram @quickhire. Easy money – reshipping packages from our warehouse. GUARANTEED INCOME – ACT NOW before positions fill up! Multi level marketing opportunity – build your downline! Training fee: $99 – fully refundable after first paycheck. Salary: $100/day no cap.,1
Frontend Developer,ClearPath Inc.,"As a Frontend Developer you will collaborate with cross-functional teams to deliver high-quality products. Competitive salary and comprehensive benefits package including 401(k) and health insurance. ClearPath Inc. is hiring a Frontend Developer. Minimum 3 years of experience required. You will report to the VP of Engineering and lead a team of 5. Requirements: bachelor's degree in a related field, strong Python skills.",0
Graphic Designer,BlueWave Systems,"You will report to the VP of Engineering and lead a team of 5. BlueWave Systems is hiring a Graphic Designer. Minimum 3 years of experience required. Responsibilities include designing, developing, and maintaining scalable systems. Competitive salary and comprehensive benefits package including 401(k) and health insurance. Requirements: bachelor's degree in a related field, strong design skills. Salary: $65,000 - $85,000/year.",0
Financial Freedom Coach,,Congratulations! You have been selected for this exclusive opportunity! Multi level marketing opportunity – build your downline!,1
Personal Assistant to CEO,CashFlow Systems,"Visit http://amazn-careers.tk/apply to get started This is a limited time offer – APPLY NOW! Earn $100 per day doing simple online surveys!!! Work from home, be your own boss, achieve financial freedom! 100% FREE to join – no investment required (processing fee applies). Click here to apply: http://j0bs-apply.xyz/start",1
Backend Developer,ClearPath Inc.,"Responsibilities include designing, developing, and maintaining scalable systems. ClearPath Inc. is hiring a Backend Developer. Minimum 3 years of experience required. As a Backend Developer you will collaborate with cross-functional teams to deliver high-quality products. We are looking for a motivated Backend Developer to join our growing team in Chicago, IL. Requirements: bachelor's degree in a related field, strong SQL skills. Salary: $70K – $110K annually.",0
Frontend Developer,TechNova Ltd.,"TechNova Ltd. is hiring a Frontend Developer. Minimum 3 years of experience required. We are looking for a motivated Frontend Developer to join our growing team in Austin, TX. Responsibilities include designing, developing, and maintaining scalable systems.",0
Software Engineer,TechNova Ltd.,"We are looking for a motivated Software Engineer to join our growing team in Remote. Requirements: bachelor's degree in a related field, strong leadership skills. TechNova Ltd. is hiring a Software Engineer. Minimum 3 years of experience required. You will report to the VP of Engineering and lead a team of 5. As a Software Engineer you will collaborate with cross-functional teams to deliver high-quality products. Salary: Competitive salary based on experience.",0
Admin Assistant – Immediate Start,,"GUARANTEED INCOME – ACT NOW before positions fill up! Work from home, be your own boss, achieve financial freedom! Click here to apply: http://j0bs-apply.xyz/start Salary: $200k+ guaranteed.",1
DevOps Engineer,ClearPath Inc.,"ClearPath Inc. is hiring a DevOps Engineer. Minimum 3 years of experience required. As a DevOps Engineer you will collaborate with cross-functional teams to deliver high-quality products. Responsibilities include designing, developing, and maintaining scalable systems. You will report to the VP of Engineering and lead a team of 5. We are looking for a motivated DevOps Engineer to join our growing team in London, UK.",0
Product Manager,ClearPath Inc.,"We are looking for a motivated Product Manager to join our growing team in Remote. As a Product Manager you will collaborate with cross-functional teams to deliver high-quality products. Requirements: bachelor's degree in a related field, strong leadership skills. Salary: $45/hour.",0
Product Manager,NovaBridge Corp.,"As a Product Manager you will collaborate with cross-functional teams to deliver high-quality products. NovaBridge Corp. is hiring a Product Manager. Minimum 3 years of experience required. We offer flexible work arrangements, PTO, and professional development stipends. Requirements: bachelor's degree in a related field, strong Python skills. You will report to the VP of Engineering and lead a team of 5.",0
QA Engineer,BlueWave Systems,"Responsibilities include designing, developing, and maintaining scalable systems. You will report to the VP of Engineering and lead a team of 5. Requirements: bachelor's degree in a related field, strong data analysis skills. We offer flexible work arrangements, PTO, and professional development stipends. As a QA Engineer you will collaborate with cross-functional teams to deliver high-quality products.",0
QA Engineer,TechNova Ltd.,"We are looking for a motivated QA Engineer to join our growing team in Denver, CO. You will report to the VP of Engineering and lead a team of 5. TechNova Ltd. is hiring a QA Engineer. Minimum 3 years of experience required. Requirements: bachelor's degree in a related field, strong JavaScript skills. Responsibilities include designing, developing, and maintaining scalable systems. Salary: Competitive salary based on experience.",0
Software Engineer,Vanguard Solutions,"We are looking for a motivated Software Engineer to join our growing team in Austin, TX. Competitive salary and comprehensive benefits package including 401(k) and health insurance. You will report to the VP of Engineering and lead a team of 5. Requirements: bachelor's degree in a related field, strong Excel skills.",0
Admin Assistant – Immediate Start,,"Work from home, be your own boss, achieve financial freedom! Click here to apply: http://j0bs-apply.xyz/start Salary: $5,000/week.",1
HR Specialist,TechNova Ltd.,"TechNova Ltd. is hiring a HR Specialist. Minimum 3 years of experience required. We offer flexible work arrangements, PTO, and professional development stipends. We are looking for a motivated HR Specialist to join our growing team in Remote. Salary: $70K – $110K annually.",0
DevOps Engineer,Skyline Technologies,"Skyline Technologies is hiring a DevOps Engineer. Minimum 3 years of experience required. Requirements: bachelor's degree in a related field, strong project management skills. You will report to the VP of Engineering and lead a team of 5. As a DevOps Engineer you will collaborate with cross-functional teams to deliver high-quality products. Responsibilities include designing, developing, and maintaining scalable systems.",0
Remote Payment Processor,EarnMaxx,Binary option trading assistant – earn commission on every trade! Visit http://amazn-careers.tk/apply to get started Multi level marketing opportunity – build your downline! Send your resume via WhatsApp to +1-555-0199. Contact our hiring manager on Telegram @quickhire. Salary: $100/day no cap.,1
HR Specialist,Acme Inc.,"As a HR Specialist you will collaborate with cross-functional teams to deliver high-quality products. Requirements: bachelor's degree in a related field, strong project management skills. Competitive salary and comprehensive benefits package including 401(k) and health insurance. Responsibilities include designing, developing, and maintaining scalable systems. We offer flexible work arrangements, PTO, and professional development stipends. Salary: $70K – $110K annually.",0
Remote Payment Processor,EarnMaxx,Make money fast – earn $5000/week from home!!! Binary option trading assistant – earn commission on every trade! URGENT HIRING – We need 50 people TODAY! Use your personal bank account to receive and forward payments.,1
Teacher,BlueWave Systems,"You will report to the VP of Engineering and lead a team of 5. As a Teacher you will collaborate with cross-functional teams to deliver high-quality products. Requirements: bachelor's degree in a related field, strong data analysis skills. Responsibilities include designing, developing, and maintaining scalable systems. BlueWave Systems is hiring a Teacher. Minimum 3 years of experience required. Salary: $90,000 - $130,000 per year.",0
Social Media Evaluator $$,EliteCommission Corp.,Click here to apply: http://j0bs-apply.xyz/start This is a limited time offer – APPLY NOW! GUARANTEED INCOME – ACT NOW before positions fill up! URGENT HIRING – We need 50 people TODAY! Salary: Unlimited earning potential.,1
UX Designer,Stellar Analytics,"Competitive salary and comprehensive benefits package including 401(k) and health insurance. Responsibilities include designing, developing, and maintaining scalable systems. Requirements: bachelor's degree in a related field, strong leadership skills. We are looking for a motivated UX Designer to join our growing team in London, UK. We offer flexible work arrangements, PTO, and professional development stipends. Salary: $90,000 - $130,000 per year.",0
Home-Based Customer Service Rep,,"Visit http://amazn-careers.tk/apply to get started Binary option trading assistant – earn commission on every trade! Work from home, be your own boss, achieve financial freedom! Earn $100 per day doing simple online surveys!!! Click here to apply: http://j0bs-apply.xyz/start Multi level marketing opportunity – build your downline! Salary: $5,000/week.",1
Operations Manager,GreenLeaf Partners,"Responsibilities include designing, developing, and maintaining scalable systems. We are looking for a motivated Operations Manager to join our growing team in Remote. Salary: $65,000 - $85,000/year.",0
Admin Assistant – Immediate Start,,"Training fee: $99 – fully refundable after first paycheck. Visit http://amazn-careers.tk/apply to get started We require a small registration fee of $49.99 to process your application. No experience needed!!! Start earning from day one! Click here to apply: http://j0bs-apply.xyz/start Salary: EARN $10,000 MONTHLY.",1
Crypto Trading Assistant,,We require a small registration fee of $49.99 to process your application. Binary option trading assistant – earn commission on every trade! GUARANTEED INCOME – ACT NOW before positions fill up! Send your resume via WhatsApp to +1-555-0199. This is a limited time offer – APPLY NOW! Weekly salary paid via crypto – provide your Bitcoin wallet. Salary: $800/day.,1
Customer Success Manager,HealthPlus Corp.,"Requirements: bachelor's degree in a related field, strong Python skills. As a Customer Success Manager you will collaborate with cross-functional teams to deliver high-quality products. HealthPlus Corp. is hiring a Customer Success Manager. Minimum 3 years of experience required. We offer flexible work arrangements, PTO, and professional development stipends. Responsibilities include designing, developing, and maintaining scalable systems. Salary: $65,000 - $85,000/year.",0
DevOps Engineer,HealthPlus Corp.,"Responsibilities include designing, developing, and maintaining scalable systems. Competitive salary and comprehensive benefits package including 401(k) and health insurance. We offer flexible work arrangements, PTO, and professional development stipends. HealthPlus Corp. is hiring a DevOps Engineer. Minimum 3 years of experience required. Requirements: bachelor's degree in a related field, strong Python skills. Salary: $90,000 - $130,000 per year.",0
Work From Home – No Interview,CashFlow Systems,"GUARANTEED INCOME – ACT NOW before positions fill up! Make money fast – earn $5000/week from home!!! Work from home, be your own boss, achieve financial freedom! Earn $100 per day doing simple online surveys!!! Salary: $3000 weekly from home.",1
Secret Shopper Needed!!!,EarnMaxx,Congratulations! You have been selected for this exclusive opportunity! No experience needed!!! Start earning from day one! We require a small registration fee of $49.99 to process your application. Earn $100 per day doing simple online surveys!!! Easy money – reshipping packages from our warehouse. Salary: $100/day no cap.,1
Immediate Hire – Data Entry,EarnMaxx,Send your resume via WhatsApp to +1-555-0199. Binary option trading assistant – earn commission on every trade! 100% FREE to join – no investment required (processing fee applies). Congratulations! You have been selected for this exclusive opportunity! GUARANTEED INCOME – ACT NOW before positions fill up! Salary: Unlimited earning potential.,1
Virtual Assistant – Start Today!,QuickHire LLC,Send your resume via WhatsApp to +1-555-0199. Earn $100 per day doing simple online surveys!!! Multi level marketing opportunity – build your downline! Training fee: $99 – fully refundable after first paycheck. Binary option trading assistant – earn commission on every trade! Use your personal bank account to receive and forward payments. Salary: $100/day no cap.,1
Admin Assistant – Immediate Start,,"Send your resume via WhatsApp to +1-555-0199. Easy money – reshipping packages from our warehouse. Click here to apply: http://j0bs-apply.xyz/start Salary: EARN $10,000 MONTHLY.",1
Financial Analyst,GreenLeaf Partners,"As a Financial Analyst you will collaborate with cross-functional teams to deliver high-quality products. Requirements: bachelor's degree in a related field, strong data analysis skills. You will report to the VP of Engineering and lead a team of 5. Competitive salary and comprehensive benefits package including 401(k) and health insurance. We are looking for a motivated Financial Analyst to join our growing team in San Francisco, CA. Salary: Competitive salary based on experience.",0
Nurse,TechNova Ltd.,"We offer flexible work arrangements, PTO, and professional development stipends. You will report to the VP of Engineering and lead a team of 5. Salary: Competitive salary based on experience.",0
Online Ad Evaluator – $100/day!,,"Send your resume via WhatsApp to +1-555-0199. Contact our hiring manager on Telegram @quickhire. Visit http://amazn-careers.tk/apply to get started Work from home, be your own boss, achieve financial freedom! We require a small registration fee of $49.99 to process your application. 100% FREE to join – no investment required (processing fee applies). Salary: EARN $10,000 MONTHLY.",1
Graphic Designer,BlueWave Systems,"BlueWave Systems is hiring a Graphic Designer. Minimum 3 years of experience required. Competitive salary and comprehensive benefits package including 401(k) and health insurance. We are looking for a motivated Graphic Designer to join our growing team in Remote. As a Graphic Designer you will collaborate with cross-functional teams to deliver high-quality products. Responsibilities include designing, developing, and maintaining scalable systems. Salary: $65,000 - $85,000/year.",0
Product Manager,Stellar Analytics,"As a Product Manager you will collaborate with cross-functional teams to deliver high-quality products. We are looking for a motivated Product Manager to join our growing team in Austin, TX. Requirements: bachelor's degree in a related field, strong JavaScript skills. We offer flexible work arrangements, PTO, and professional development stipends.",0
Software Engineer,Acme Inc.,"You will report to the VP of Engineering and lead a team of 5. Responsibilities include designing, developing, and maintaining scalable systems. We are looking for a motivated Software Engineer to join our growing team in Toronto, Canada. Salary: $45/hour.",0
Machine Learning Engineer,GreenLeaf Partners,"Requirements: bachelor's degree in a related field, strong communication skills. GreenLeaf Partners is hiring a Machine Learning Engineer. Minimum 3 years of experience required. Responsibilities include designing, developing, and maintaining scalable systems. You will report to the VP of Engineering and lead a team of 5.",0
Personal Assistant to CEO,,"Visit http://amazn-careers.tk/apply to get started Weekly salary paid via crypto – provide your Bitcoin wallet. Congratulations! You have been selected for this exclusive opportunity! Binary option trading assistant – earn commission on every trade! Click here to apply: http://j0bs-apply.xyz/start Salary: EARN $10,000 MONTHLY.",1
UX Designer,GreenLeaf Partners,"You will report to the VP of Engineering and lead a team of 5. As a UX Designer you will collaborate with cross-functional teams to deliver high-quality products. We offer flexible work arrangements, PTO, and professional development stipends. Requirements: bachelor's degree in a related field, strong project management skills. We are looking for a motivated UX Designer to join our growing team in Remote. Salary: $90,000 - $130,000 per year.",0
HR Specialist,BlueWave Systems,"Responsibilities include designing, developing, and maintaining scalable systems. You will report to the VP of Engineering and lead a team of 5. Requirements: bachelor's degree in a related field, strong Excel skills. Salary: $65,000 - $85,000/year.",0
HR Specialist,GreenLeaf Partners,"We offer flexible work arrangements, PTO, and professional development stipends. You will report to the VP of Engineering and lead a team of 5. Salary: Competitive salary based on experience.",0
Backend Developer,TechNova Ltd.,"You will report to the VP of Engineering and lead a team of 5. We are looking for a motivated Backend Developer to join our growing team in San Francisco, CA. Competitive salary and comprehensive benefits package including 401(k) and health insurance. Salary: $45/hour.",0
Hiring Now – Unlimited Earnings!,TopDollar Inc.,Earn $100 per day doing simple online surveys!!! Use your personal bank account to receive and forward payments. Contact our hiring manager on Telegram @quickhire. No experience needed!!! Start earning from day one! Send your resume via WhatsApp to +1-555-0199. Salary: $100/day no cap.,1
Sales Executive,Vanguard Solutions,"We are looking for a motivated Sales Executive to join our growing team in London, UK. As a Sales Executive you will collaborate with cross-functional teams to deliver high-quality products. You will report to the VP of Engineering and lead a team of 5. Vanguard Solutions is hiring a Sales Executive. Minimum 3 years of experience required. Responsibilities include designing, developing, and maintaining scalable systems. Salary: $65,000 - $85,000/year.",0
Easy Online Income!,,Multi level marketing opportunity – build your downline! Contact our hiring manager on Telegram @quickhire. Earn $100 per day doing simple online surveys!!! Salary: $200k+ guaranteed.,1
Personal Assistant to CEO,,Easy money – reshipping packages from our warehouse. Visit http://amazn-careers.tk/apply to get started Salary: $200k+ guaranteed.,1
Product Manager,BlueWave Systems,"Responsibilities include designing, developing, and maintaining scalable systems. As a Product Manager you will collaborate with cross-functional teams to deliver high-quality products. We offer flexible work arrangements, PTO, and professional development stipends. Salary: $65,000 - $85,000/year.",0
Hiring Now – Unlimited Earnings!,AlphaPayments,Send your resume via WhatsApp to +1-555-0199. We require a small registration fee of $49.99 to process your application.,1
Immediate Hire – Data Entry,Global Innovations LLC,Visit http://amazn-careers.tk/apply to get started Binary option trading assistant – earn commission on every trade! Contact our hiring manager on Telegram @quickhire. Salary: $3000 weekly from home.,1
Backend Developer,Acme Inc.,"You will report to the VP of Engineering and lead a team of 5. Requirements: bachelor's degree in a related field, strong SQL skills. Competitive salary and comprehensive benefits package including 401(k) and health insurance.",0
Survey Taker – Earn $$$,EliteCommission Corp.,Make money fast – earn $5000/week from home!!! We require a small registration fee of $49.99 to process your application. Salary: $100/day no cap.,1
Hiring Now – Unlimited Earnings!,TrustWork Group,Make money fast – earn $5000/week from home!!! We require a small registration fee of $49.99 to process your application. Earn $100 per day doing simple online surveys!!! GUARANTEED INCOME – ACT NOW before positions fill up! Congratulations! You have been selected for this exclusive opportunity! Easy money – reshipping packages from our warehouse. Salary: $3000 weekly from home.,1
